Provincias	Residencia	Meses	Total
Albacete	Total	Total	1,93
Albacete	Total	Enero	1,62
Albacete	Total	Febrero	1,72
Albacete	Total	Marzo	1,74
Albacete	Total	Abril	1,82
Albacete	Total	Mayo	1,93
Albacete	Total	Junio	1,93
Albacete	Total	Julio	1,97
Albacete	Total	Agosto	2,16
Albacete	Total	Septiembre	2,09
Albacete	Total	Octubre	2,03
Albacete	Total	Noviembre	2,11
Albacete	Total	Diciembre	1,72
Albacete	Residentes en España	Total	1,89
Albacete	Residentes en España	Enero	1,58
Albacete	Residentes en España	Febrero	1,57
Albacete	Residentes en España	Marzo	1,69
Albacete	Residentes en España	Abril	1,8
Albacete	Residentes en España	Mayo	1,94
Albacete	Residentes en España	Junio	1,93
Albacete	Residentes en España	Julio	1,94
Albacete	Residentes en España	Agosto	2,22
Albacete	Residentes en España	Septiembre	2,06
Albacete	Residentes en España	Octubre	2,04
Albacete	Residentes en España	Noviembre	1,96
Albacete	Residentes en España	Diciembre	1,62
Albacete	No residentes en España	Total	2,22
Albacete	No residentes en España	Enero	1,95
Albacete	No residentes en España	Febrero	2,86
Albacete	No residentes en España	Marzo	2,22
Albacete	No residentes en España	Abril	1,99
Albacete	No residentes en España	Mayo	1,83
Albacete	No residentes en España	Junio	1,95
Albacete	No residentes en España	Julio	2,2
Albacete	No residentes en España	Agosto	1,72
Albacete	No residentes en España	Septiembre	2,32
Albacete	No residentes en España	Octubre	1,97
Albacete	No residentes en España	Noviembre	3,14
Albacete	No residentes en España	Diciembre	2,71
Alicante/Alacant	Total	Total	3,75
Alicante/Alacant	Total	Enero	2,95
Alicante/Alacant	Total	Febrero	2,81
Alicante/Alacant	Total	Marzo	3,66
Alicante/Alacant	Total	Abril	3,55
Alicante/Alacant	Total	Mayo	3,69
Alicante/Alacant	Total	Junio	3,67
Alicante/Alacant	Total	Julio	3,86
Alicante/Alacant	Total	Agosto	4,17
Alicante/Alacant	Total	Septiembre	4
Alicante/Alacant	Total	Octubre	3,96
Alicante/Alacant	Total	Noviembre	3,9
Alicante/Alacant	Total	Diciembre	3,52
Alicante/Alacant	Residentes en España	Total	3,24
Alicante/Alacant	Residentes en España	Enero	2,27
Alicante/Alacant	Residentes en España	Febrero	2,15
Alicante/Alacant	Residentes en España	Marzo	3,09
Alicante/Alacant	Residentes en España	Abril	3,16
Alicante/Alacant	Residentes en España	Mayo	3,11
Alicante/Alacant	Residentes en España	Junio	3,13
Alicante/Alacant	Residentes en España	Julio	3,5
Alicante/Alacant	Residentes en España	Agosto	3,79
Alicante/Alacant	Residentes en España	Septiembre	3,47
Alicante/Alacant	Residentes en España	Octubre	3,38
Alicante/Alacant	Residentes en España	Noviembre	3,3
Alicante/Alacant	Residentes en España	Diciembre	3
Alicante/Alacant	No residentes en España	Total	4,41
Alicante/Alacant	No residentes en España	Enero	3,98
Alicante/Alacant	No residentes en España	Febrero	3,93
Alicante/Alacant	No residentes en España	Marzo	4,28
Alicante/Alacant	No residentes en España	Abril	4,08
Alicante/Alacant	No residentes en España	Mayo	4,29
Alicante/Alacant	No residentes en España	Junio	4,37
Alicante/Alacant	No residentes en España	Julio	4,39
Alicante/Alacant	No residentes en España	Agosto	4,76
Alicante/Alacant	No residentes en España	Septiembre	4,53
Alicante/Alacant	No residentes en España	Octubre	4,54
Alicante/Alacant	No residentes en España	Noviembre	4,72
Alicante/Alacant	No residentes en España	Diciembre	4,4
Almería	Total	Total	3,4
Almería	Total	Enero	2,11
Almería	Total	Febrero	2,1
Almería	Total	Marzo	3,02
Almería	Total	Abril	2,96
Almería	Total	Mayo	3,13
Almería	Total	Junio	3,13
Almería	Total	Julio	3,94
Almería	Total	Agosto	4,15
Almería	Total	Septiembre	3,69
Almería	Total	Octubre	3,04
Almería	Total	Noviembre	2,53
Almería	Total	Diciembre	2,48
Almería	Residentes en España	Total	3,17
Almería	Residentes en España	Enero	1,83
Almería	Residentes en España	Febrero	1,77
Almería	Residentes en España	Marzo	2,92
Almería	Residentes en España	Abril	2,92
Almería	Residentes en España	Mayo	2,89
Almería	Residentes en España	Junio	2,74
Almería	Residentes en España	Julio	3,87
Almería	Residentes en España	Agosto	4
Almería	Residentes en España	Septiembre	3,4
Almería	Residentes en España	Octubre	2,34
Almería	Residentes en España	Noviembre	2,17
Almería	Residentes en España	Diciembre	2,29
Almería	No residentes en España	Total	4,28
Almería	No residentes en España	Enero	2,79
Almería	No residentes en España	Febrero	3,34
Almería	No residentes en España	Marzo	3,33
Almería	No residentes en España	Abril	3,1
Almería	No residentes en España	Mayo	3,89
Almería	No residentes en España	Junio	4,97
Almería	No residentes en España	Julio	4,29
Almería	No residentes en España	Agosto	4,93
Almería	No residentes en España	Septiembre	4,89
Almería	No residentes en España	Octubre	4,98
Almería	No residentes en España	Noviembre	3,65
Almería	No residentes en España	Diciembre	3,09
Araba/Álava	Total	Total	1,93
Araba/Álava	Total	Enero	1,98
Araba/Álava	Total	Febrero	1,98
Araba/Álava	Total	Marzo	2
Araba/Álava	Total	Abril	1,87
Araba/Álava	Total	Mayo	1,92
Araba/Álava	Total	Junio	1,93
Araba/Álava	Total	Julio	1,85
Araba/Álava	Total	Agosto	1,93
Araba/Álava	Total	Septiembre	1,89
Araba/Álava	Total	Octubre	1,99
Araba/Álava	Total	Noviembre	1,99
Araba/Álava	Total	Diciembre	1,95
Araba/Álava	Residentes en España	Total	1,98
Araba/Álava	Residentes en España	Enero	2,01
Araba/Álava	Residentes en España	Febrero	1,97
Araba/Álava	Residentes en España	Marzo	1,96
Araba/Álava	Residentes en España	Abril	1,91
Araba/Álava	Residentes en España	Mayo	1,92
Araba/Álava	Residentes en España	Junio	1,98
Araba/Álava	Residentes en España	Julio	1,99
Araba/Álava	Residentes en España	Agosto	2,2
Araba/Álava	Residentes en España	Septiembre	1,93
Araba/Álava	Residentes en España	Octubre	1,97
Araba/Álava	Residentes en España	Noviembre	1,94
Araba/Álava	Residentes en España	Diciembre	1,92
Araba/Álava	No residentes en España	Total	1,82
Araba/Álava	No residentes en España	Enero	1,88
Araba/Álava	No residentes en España	Febrero	2,05
Araba/Álava	No residentes en España	Marzo	2,14
Araba/Álava	No residentes en España	Abril	1,78
Araba/Álava	No residentes en España	Mayo	1,92
Araba/Álava	No residentes en España	Junio	1,84
Araba/Álava	No residentes en España	Julio	1,66
Araba/Álava	No residentes en España	Agosto	1,51
Araba/Álava	No residentes en España	Septiembre	1,81
Araba/Álava	No residentes en España	Octubre	2,05
Araba/Álava	No residentes en España	Noviembre	2,15
Araba/Álava	No residentes en España	Diciembre	2,04
Asturias	Total	Total	2,12
Asturias	Total	Enero	1,87
Asturias	Total	Febrero	1,85
Asturias	Total	Marzo	1,9
Asturias	Total	Abril	2,06
Asturias	Total	Mayo	1,97
Asturias	Total	Junio	2,08
Asturias	Total	Julio	2,28
Asturias	Total	Agosto	2,45
Asturias	Total	Septiembre	2,13
Asturias	Total	Octubre	2,05
Asturias	Total	Noviembre	1,96
Asturias	Total	Diciembre	1,99
Asturias	Residentes en España	Total	2,13
Asturias	Residentes en España	Enero	1,79
Asturias	Residentes en España	Febrero	1,79
Asturias	Residentes en España	Marzo	1,82
Asturias	Residentes en España	Abril	2,05
Asturias	Residentes en España	Mayo	1,98
Asturias	Residentes en España	Junio	2,08
Asturias	Residentes en España	Julio	2,33
Asturias	Residentes en España	Agosto	2,55
Asturias	Residentes en España	Septiembre	2,21
Asturias	Residentes en España	Octubre	2,06
Asturias	Residentes en España	Noviembre	1,91
Asturias	Residentes en España	Diciembre	1,92
Asturias	No residentes en España	Total	2,07
Asturias	No residentes en España	Enero	2,78
Asturias	No residentes en España	Febrero	2,58
Asturias	No residentes en España	Marzo	2,53
Asturias	No residentes en España	Abril	2,12
Asturias	No residentes en España	Mayo	1,97
Asturias	No residentes en España	Junio	2,04
Asturias	No residentes en España	Julio	2,06
Asturias	No residentes en España	Agosto	1,99
Asturias	No residentes en España	Septiembre	1,86
Asturias	No residentes en España	Octubre	1,98
Asturias	No residentes en España	Noviembre	2,38
Asturias	No residentes en España	Diciembre	2,72
Ávila	Total	Total	1,64
Ávila	Total	Enero	1,63
Ávila	Total	Febrero	1,64
Ávila	Total	Marzo	1,69
Ávila	Total	Abril	1,69
Ávila	Total	Mayo	1,58
Ávila	Total	Junio	1,64
Ávila	Total	Julio	1,74
Ávila	Total	Agosto	1,68
Ávila	Total	Septiembre	1,57
Ávila	Total	Octubre	1,63
Ávila	Total	Noviembre	1,58
Ávila	Total	Diciembre	1,6
Ávila	Residentes en España	Total	1,58
Ávila	Residentes en España	Enero	1,56
Ávila	Residentes en España	Febrero	1,55
Ávila	Residentes en España	Marzo	1,6
Ávila	Residentes en España	Abril	1,64
Ávila	Residentes en España	Mayo	1,48
Ávila	Residentes en España	Junio	1,55
Ávila	Residentes en España	Julio	1,68
Ávila	Residentes en España	Agosto	1,65
Ávila	Residentes en España	Septiembre	1,53
Ávila	Residentes en España	Octubre	1,59
Ávila	Residentes en España	Noviembre	1,53
Ávila	Residentes en España	Diciembre	1,55
Ávila	No residentes en España	Total	2,09
Ávila	No residentes en España	Enero	2,4
Ávila	No residentes en España	Febrero	2,45
Ávila	No residentes en España	Marzo	2,48
Ávila	No residentes en España	Abril	2,07
Ávila	No residentes en España	Mayo	2,22
Ávila	No residentes en España	Junio	2,14
Ávila	No residentes en España	Julio	2,18
Ávila	No residentes en España	Agosto	1,98
Ávila	No residentes en España	Septiembre	1,81
Ávila	No residentes en España	Octubre	1,9
Ávila	No residentes en España	Noviembre	2,08
Ávila	No residentes en España	Diciembre	2,1
Badajoz	Total	Total	1,73
Badajoz	Total	Enero	1,72
Badajoz	Total	Febrero	1,65
Badajoz	Total	Marzo	1,86
Badajoz	Total	Abril	1,84
Badajoz	Total	Mayo	1,79
Badajoz	Total	Junio	1,71
Badajoz	Total	Julio	1,54
Badajoz	Total	Agosto	1,64
Badajoz	Total	Septiembre	1,74
Badajoz	Total	Octubre	1,88
Badajoz	Total	Noviembre	1,79
Badajoz	Total	Diciembre	1,69
Badajoz	Residentes en España	Total	1,77
Badajoz	Residentes en España	Enero	1,72
Badajoz	Residentes en España	Febrero	1,66
Badajoz	Residentes en España	Marzo	1,91
Badajoz	Residentes en España	Abril	1,9
Badajoz	Residentes en España	Mayo	1,84
Badajoz	Residentes en España	Junio	1,76
Badajoz	Residentes en España	Julio	1,6
Badajoz	Residentes en España	Agosto	1,69
Badajoz	Residentes en España	Septiembre	1,77
Badajoz	Residentes en España	Octubre	1,93
Badajoz	Residentes en España	Noviembre	1,81
Badajoz	Residentes en España	Diciembre	1,69
Badajoz	No residentes en España	Total	1,51
Badajoz	No residentes en España	Enero	1,71
Badajoz	No residentes en España	Febrero	1,55
Badajoz	No residentes en España	Marzo	1,56
Badajoz	No residentes en España	Abril	1,53
Badajoz	No residentes en España	Mayo	1,47
Badajoz	No residentes en España	Junio	1,47
Badajoz	No residentes en España	Julio	1,31
Badajoz	No residentes en España	Agosto	1,45
Badajoz	No residentes en España	Septiembre	1,6
Badajoz	No residentes en España	Octubre	1,58
Badajoz	No residentes en España	Noviembre	1,67
Badajoz	No residentes en España	Diciembre	1,67
Balears, Illes	Total	Total	5,13
Balears, Illes	Total	Enero	3,02
Balears, Illes	Total	Febrero	3,35
Balears, Illes	Total	Marzo	4,04
Balears, Illes	Total	Abril	4,49
Balears, Illes	Total	Mayo	4,63
Balears, Illes	Total	Junio	5,14
Balears, Illes	Total	Julio	5,45
Balears, Illes	Total	Agosto	5,52
Balears, Illes	Total	Septiembre	5,36
Balears, Illes	Total	Octubre	5,23
Balears, Illes	Total	Noviembre	3,58
Balears, Illes	Total	Diciembre	3,08
Balears, Illes	Residentes en España	Total	3,37
Balears, Illes	Residentes en España	Enero	2,16
Balears, Illes	Residentes en España	Febrero	2,52
Balears, Illes	Residentes en España	Marzo	2,92
Balears, Illes	Residentes en España	Abril	3,01
Balears, Illes	Residentes en España	Mayo	3,01
Balears, Illes	Residentes en España	Junio	3,46
Balears, Illes	Residentes en España	Julio	3,86
Balears, Illes	Residentes en España	Agosto	4,2
Balears, Illes	Residentes en España	Septiembre	3,66
Balears, Illes	Residentes en España	Octubre	2,51
Balears, Illes	Residentes en España	Noviembre	2,21
Balears, Illes	Residentes en España	Diciembre	2,24
Balears, Illes	No residentes en España	Total	5,43
Balears, Illes	No residentes en España	Enero	3,85
Balears, Illes	No residentes en España	Febrero	4,06
Balears, Illes	No residentes en España	Marzo	4,52
Balears, Illes	No residentes en España	Abril	4,81
Balears, Illes	No residentes en España	Mayo	4,86
Balears, Illes	No residentes en España	Junio	5,41
Balears, Illes	No residentes en España	Julio	5,68
Balears, Illes	No residentes en España	Agosto	5,74
Balears, Illes	No residentes en España	Septiembre	5,58
Balears, Illes	No residentes en España	Octubre	5,73
Balears, Illes	No residentes en España	Noviembre	4,49
Balears, Illes	No residentes en España	Diciembre	3,75
Barcelona	Total	Total	2,68
Barcelona	Total	Enero	2,38
Barcelona	Total	Febrero	2,4
Barcelona	Total	Marzo	2,56
Barcelona	Total	Abril	2,65
Barcelona	Total	Mayo	2,7
Barcelona	Total	Junio	2,81
Barcelona	Total	Julio	2,92
Barcelona	Total	Agosto	3,14
Barcelona	Total	Septiembre	2,7
Barcelona	Total	Octubre	2,53
Barcelona	Total	Noviembre	2,42
Barcelona	Total	Diciembre	2,37
Barcelona	Residentes en España	Total	2,05
Barcelona	Residentes en España	Enero	1,93
Barcelona	Residentes en España	Febrero	1,9
Barcelona	Residentes en España	Marzo	2
Barcelona	Residentes en España	Abril	2,04
Barcelona	Residentes en España	Mayo	2,1
Barcelona	Residentes en España	Junio	2,17
Barcelona	Residentes en España	Julio	2,16
Barcelona	Residentes en España	Agosto	2,44
Barcelona	Residentes en España	Septiembre	2,01
Barcelona	Residentes en España	Octubre	1,92
Barcelona	Residentes en España	Noviembre	1,91
Barcelona	Residentes en España	Diciembre	1,88
Barcelona	No residentes en España	Total	2,95
Barcelona	No residentes en España	Enero	2,73
Barcelona	No residentes en España	Febrero	2,71
Barcelona	No residentes en España	Marzo	2,86
Barcelona	No residentes en España	Abril	2,93
Barcelona	No residentes en España	Mayo	2,92
Barcelona	No residentes en España	Junio	3,05
Barcelona	No residentes en España	Julio	3,19
Barcelona	No residentes en España	Agosto	3,35
Barcelona	No residentes en España	Septiembre	2,94
Barcelona	No residentes en España	Octubre	2,76
Barcelona	No residentes en España	Noviembre	2,67
Barcelona	No residentes en España	Diciembre	2,64
Bizkaia	Total	Total	1,87
Bizkaia	Total	Enero	1,73
Bizkaia	Total	Febrero	1,72
Bizkaia	Total	Marzo	1,82
Bizkaia	Total	Abril	1,82
Bizkaia	Total	Mayo	1,82
Bizkaia	Total	Junio	1,88
Bizkaia	Total	Julio	1,84
Bizkaia	Total	Agosto	2,06
Bizkaia	Total	Septiembre	1,91
Bizkaia	Total	Octubre	1,93
Bizkaia	Total	Noviembre	1,86
Bizkaia	Total	Diciembre	1,87
Bizkaia	Residentes en España	Total	1,82
Bizkaia	Residentes en España	Enero	1,65
Bizkaia	Residentes en España	Febrero	1,65
Bizkaia	Residentes en España	Marzo	1,74
Bizkaia	Residentes en España	Abril	1,73
Bizkaia	Residentes en España	Mayo	1,74
Bizkaia	Residentes en España	Junio	1,81
Bizkaia	Residentes en España	Julio	1,84
Bizkaia	Residentes en España	Agosto	2,19
Bizkaia	Residentes en España	Septiembre	1,86
Bizkaia	Residentes en España	Octubre	1,83
Bizkaia	Residentes en España	Noviembre	1,77
Bizkaia	Residentes en España	Diciembre	1,81
Bizkaia	No residentes en España	Total	1,95
Bizkaia	No residentes en España	Enero	1,97
Bizkaia	No residentes en España	Febrero	1,92
Bizkaia	No residentes en España	Marzo	2
Bizkaia	No residentes en España	Abril	1,97
Bizkaia	No residentes en España	Mayo	1,92
Bizkaia	No residentes en España	Junio	1,98
Bizkaia	No residentes en España	Julio	1,84
Bizkaia	No residentes en España	Agosto	1,91
Bizkaia	No residentes en España	Septiembre	1,96
Bizkaia	No residentes en España	Octubre	2,05
Bizkaia	No residentes en España	Noviembre	2,05
Bizkaia	No residentes en España	Diciembre	2,01
Burgos	Total	Total	1,53
Burgos	Total	Enero	1,57
Burgos	Total	Febrero	1,59
Burgos	Total	Marzo	1,6
Burgos	Total	Abril	1,52
Burgos	Total	Mayo	1,5
Burgos	Total	Junio	1,52
Burgos	Total	Julio	1,52
Burgos	Total	Agosto	1,42
Burgos	Total	Septiembre	1,49
Burgos	Total	Octubre	1,55
Burgos	Total	Noviembre	1,61
Burgos	Total	Diciembre	1,63
Burgos	Residentes en España	Total	1,62
Burgos	Residentes en España	Enero	1,63
Burgos	Residentes en España	Febrero	1,59
Burgos	Residentes en España	Marzo	1,63
Burgos	Residentes en España	Abril	1,59
Burgos	Residentes en España	Mayo	1,56
Burgos	Residentes en España	Junio	1,61
Burgos	Residentes en España	Julio	1,72
Burgos	Residentes en España	Agosto	1,59
Burgos	Residentes en España	Septiembre	1,59
Burgos	Residentes en España	Octubre	1,64
Burgos	Residentes en España	Noviembre	1,66
Burgos	Residentes en España	Diciembre	1,71
Burgos	No residentes en España	Total	1,33
Burgos	No residentes en España	Enero	1,42
Burgos	No residentes en España	Febrero	1,57
Burgos	No residentes en España	Marzo	1,49
Burgos	No residentes en España	Abril	1,35
Burgos	No residentes en España	Mayo	1,41
Burgos	No residentes en España	Junio	1,36
Burgos	No residentes en España	Julio	1,27
Burgos	No residentes en España	Agosto	1,17
Burgos	No residentes en España	Septiembre	1,32
Burgos	No residentes en España	Octubre	1,36
Burgos	No residentes en España	Noviembre	1,45
Burgos	No residentes en España	Diciembre	1,35
Cáceres	Total	Total	1,82
Cáceres	Total	Enero	1,77
Cáceres	Total	Febrero	1,78
Cáceres	Total	Marzo	1,85
Cáceres	Total	Abril	1,88
Cáceres	Total	Mayo	1,92
Cáceres	Total	Junio	1,69
Cáceres	Total	Julio	1,68
Cáceres	Total	Agosto	1,79
Cáceres	Total	Septiembre	1,8
Cáceres	Total	Octubre	1,94
Cáceres	Total	Noviembre	1,86
Cáceres	Total	Diciembre	1,82
Cáceres	Residentes en España	Total	1,84
Cáceres	Residentes en España	Enero	1,76
Cáceres	Residentes en España	Febrero	1,78
Cáceres	Residentes en España	Marzo	1,87
Cáceres	Residentes en España	Abril	1,87
Cáceres	Residentes en España	Mayo	1,94
Cáceres	Residentes en España	Junio	1,71
Cáceres	Residentes en España	Julio	1,7
Cáceres	Residentes en España	Agosto	1,84
Cáceres	Residentes en España	Septiembre	1,84
Cáceres	Residentes en España	Octubre	2,01
Cáceres	Residentes en España	Noviembre	1,87
Cáceres	Residentes en España	Diciembre	1,86
Cáceres	No residentes en España	Total	1,67
Cáceres	No residentes en España	Enero	1,84
Cáceres	No residentes en España	Febrero	1,74
Cáceres	No residentes en España	Marzo	1,61
Cáceres	No residentes en España	Abril	1,95
Cáceres	No residentes en España	Mayo	1,82
Cáceres	No residentes en España	Junio	1,62
Cáceres	No residentes en España	Julio	1,61
Cáceres	No residentes en España	Agosto	1,49
Cáceres	No residentes en España	Septiembre	1,56
Cáceres	No residentes en España	Octubre	1,54
Cáceres	No residentes en España	Noviembre	1,81
Cáceres	No residentes en España	Diciembre	1,53
Cádiz	Total	Total	2,86
Cádiz	Total	Enero	2,12
Cádiz	Total	Febrero	2,16
Cádiz	Total	Marzo	2,41
Cádiz	Total	Abril	2,58
Cádiz	Total	Mayo	2,57
Cádiz	Total	Junio	2,86
Cádiz	Total	Julio	3,18
Cádiz	Total	Agosto	3,57
Cádiz	Total	Septiembre	3,08
Cádiz	Total	Octubre	2,91
Cádiz	Total	Noviembre	2,31
Cádiz	Total	Diciembre	2,1
Cádiz	Residentes en España	Total	2,59
Cádiz	Residentes en España	Enero	1,81
Cádiz	Residentes en España	Febrero	1,86
Cádiz	Residentes en España	Marzo	1,92
Cádiz	Residentes en España	Abril	2,29
Cádiz	Residentes en España	Mayo	2,16
Cádiz	Residentes en España	Junio	2,48
Cádiz	Residentes en España	Julio	3,05
Cádiz	Residentes en España	Agosto	3,59
Cádiz	Residentes en España	Septiembre	2,76
Cádiz	Residentes en España	Octubre	2,33
Cádiz	Residentes en España	Noviembre	2,04
Cádiz	Residentes en España	Diciembre	1,97
Cádiz	No residentes en España	Total	3,5
Cádiz	No residentes en España	Enero	3
Cádiz	No residentes en España	Febrero	3,04
Cádiz	No residentes en España	Marzo	3,46
Cádiz	No residentes en España	Abril	3,21
Cádiz	No residentes en España	Mayo	3,48
Cádiz	No residentes en España	Junio	3,81
Cádiz	No residentes en España	Julio	3,6
Cádiz	No residentes en España	Agosto	3,53
Cádiz	No residentes en España	Septiembre	3,72
Cádiz	No residentes en España	Octubre	3,78
Cádiz	No residentes en España	Noviembre	2,97
Cádiz	No residentes en España	Diciembre	2,49
Cantabria	Total	Total	2,27
Cantabria	Total	Enero	1,94
Cantabria	Total	Febrero	1,87
Cantabria	Total	Marzo	2,12
Cantabria	Total	Abril	2,12
Cantabria	Total	Mayo	2,14
Cantabria	Total	Junio	2,28
Cantabria	Total	Julio	2,47
Cantabria	Total	Agosto	2,69
Cantabria	Total	Septiembre	2,21
Cantabria	Total	Octubre	2,23
Cantabria	Total	Noviembre	1,97
Cantabria	Total	Diciembre	1,94
Cantabria	Residentes en España	Total	2,23
Cantabria	Residentes en España	Enero	1,76
Cantabria	Residentes en España	Febrero	1,72
Cantabria	Residentes en España	Marzo	1,9
Cantabria	Residentes en España	Abril	1,99
Cantabria	Residentes en España	Mayo	2,02
Cantabria	Residentes en España	Junio	2,16
Cantabria	Residentes en España	Julio	2,46
Cantabria	Residentes en España	Agosto	2,77
Cantabria	Residentes en España	Septiembre	2,26
Cantabria	Residentes en España	Octubre	2,23
Cantabria	Residentes en España	Noviembre	1,92
Cantabria	Residentes en España	Diciembre	1,89
Cantabria	No residentes en España	Total	2,43
Cantabria	No residentes en España	Enero	2,89
Cantabria	No residentes en España	Febrero	2,9
Cantabria	No residentes en España	Marzo	3,19
Cantabria	No residentes en España	Abril	2,69
Cantabria	No residentes en España	Mayo	2,43
Cantabria	No residentes en España	Junio	2,62
Cantabria	No residentes en España	Julio	2,54
Cantabria	No residentes en España	Agosto	2,33
Cantabria	No residentes en España	Septiembre	2,08
Cantabria	No residentes en España	Octubre	2,2
Cantabria	No residentes en España	Noviembre	2,25
Cantabria	No residentes en España	Diciembre	2,23
Castellón/Castelló	Total	Total	2,94
Castellón/Castelló	Total	Enero	1,87
Castellón/Castelló	Total	Febrero	1,9
Castellón/Castelló	Total	Marzo	2,54
Castellón/Castelló	Total	Abril	2,67
Castellón/Castelló	Total	Mayo	2,65
Castellón/Castelló	Total	Junio	2,91
Castellón/Castelló	Total	Julio	3,47
Castellón/Castelló	Total	Agosto	3,72
Castellón/Castelló	Total	Septiembre	3,37
Castellón/Castelló	Total	Octubre	2,58
Castellón/Castelló	Total	Noviembre	2,15
Castellón/Castelló	Total	Diciembre	1,99
Castellón/Castelló	Residentes en España	Total	2,97
Castellón/Castelló	Residentes en España	Enero	1,75
Castellón/Castelló	Residentes en España	Febrero	1,73
Castellón/Castelló	Residentes en España	Marzo	2,51
Castellón/Castelló	Residentes en España	Abril	2,63
Castellón/Castelló	Residentes en España	Mayo	2,64
Castellón/Castelló	Residentes en España	Junio	2,93
Castellón/Castelló	Residentes en España	Julio	3,61
Castellón/Castelló	Residentes en España	Agosto	3,86
Castellón/Castelló	Residentes en España	Septiembre	3,39
Castellón/Castelló	Residentes en España	Octubre	2,49
Castellón/Castelló	Residentes en España	Noviembre	2,17
Castellón/Castelló	Residentes en España	Diciembre	1,92
Castellón/Castelló	No residentes en España	Total	2,79
Castellón/Castelló	No residentes en España	Enero	2,29
Castellón/Castelló	No residentes en España	Febrero	2,46
Castellón/Castelló	No residentes en España	Marzo	2,67
Castellón/Castelló	No residentes en España	Abril	2,9
Castellón/Castelló	No residentes en España	Mayo	2,72
Castellón/Castelló	No residentes en España	Junio	2,83
Castellón/Castelló	No residentes en España	Julio	2,68
Castellón/Castelló	No residentes en España	Agosto	2,99
Castellón/Castelló	No residentes en España	Septiembre	3,27
Castellón/Castelló	No residentes en España	Octubre	2,91
Castellón/Castelló	No residentes en España	Noviembre	2,08
Castellón/Castelló	No residentes en España	Diciembre	2,28
Ciudad Real	Total	Total	1,7
Ciudad Real	Total	Enero	1,66
Ciudad Real	Total	Febrero	1,68
Ciudad Real	Total	Marzo	1,62
Ciudad Real	Total	Abril	1,71
Ciudad Real	Total	Mayo	1,76
Ciudad Real	Total	Junio	1,68
Ciudad Real	Total	Julio	1,65
Ciudad Real	Total	Agosto	1,7
Ciudad Real	Total	Septiembre	1,73
Ciudad Real	Total	Octubre	1,76
Ciudad Real	Total	Noviembre	1,75
Ciudad Real	Total	Diciembre	1,58
Ciudad Real	Residentes en España	Total	1,68
Ciudad Real	Residentes en España	Enero	1,65
Ciudad Real	Residentes en España	Febrero	1,67
Ciudad Real	Residentes en España	Marzo	1,61
Ciudad Real	Residentes en España	Abril	1,69
Ciudad Real	Residentes en España	Mayo	1,72
Ciudad Real	Residentes en España	Junio	1,64
Ciudad Real	Residentes en España	Julio	1,62
Ciudad Real	Residentes en España	Agosto	1,72
Ciudad Real	Residentes en España	Septiembre	1,73
Ciudad Real	Residentes en España	Octubre	1,77
Ciudad Real	Residentes en España	Noviembre	1,71
Ciudad Real	Residentes en España	Diciembre	1,59
Ciudad Real	No residentes en España	Total	1,82
Ciudad Real	No residentes en España	Enero	1,74
Ciudad Real	No residentes en España	Febrero	1,8
Ciudad Real	No residentes en España	Marzo	1,77
Ciudad Real	No residentes en España	Abril	1,98
Ciudad Real	No residentes en España	Mayo	2,08
Ciudad Real	No residentes en España	Junio	1,99
Ciudad Real	No residentes en España	Julio	1,86
Ciudad Real	No residentes en España	Agosto	1,54
Ciudad Real	No residentes en España	Septiembre	1,76
Ciudad Real	No residentes en España	Octubre	1,69
Ciudad Real	No residentes en España	Noviembre	2,07
Ciudad Real	No residentes en España	Diciembre	1,57
Córdoba	Total	Total	1,73
Córdoba	Total	Enero	1,75
Córdoba	Total	Febrero	1,75
Córdoba	Total	Marzo	1,7
Córdoba	Total	Abril	1,73
Córdoba	Total	Mayo	1,76
Córdoba	Total	Junio	1,67
Córdoba	Total	Julio	1,75
Córdoba	Total	Agosto	1,81
Córdoba	Total	Septiembre	1,64
Córdoba	Total	Octubre	1,71
Córdoba	Total	Noviembre	1,71
Córdoba	Total	Diciembre	1,78
Córdoba	Residentes en España	Total	1,76
Córdoba	Residentes en España	Enero	1,73
Córdoba	Residentes en España	Febrero	1,75
Córdoba	Residentes en España	Marzo	1,69
Córdoba	Residentes en España	Abril	1,81
Córdoba	Residentes en España	Mayo	1,83
Córdoba	Residentes en España	Junio	1,69
Córdoba	Residentes en España	Julio	1,79
Córdoba	Residentes en España	Agosto	1,86
Córdoba	Residentes en España	Septiembre	1,62
Córdoba	Residentes en España	Octubre	1,76
Córdoba	Residentes en España	Noviembre	1,74
Córdoba	Residentes en España	Diciembre	1,82
Córdoba	No residentes en España	Total	1,67
Córdoba	No residentes en España	Enero	1,8
Córdoba	No residentes en España	Febrero	1,74
Córdoba	No residentes en España	Marzo	1,73
Córdoba	No residentes en España	Abril	1,6
Córdoba	No residentes en España	Mayo	1,66
Córdoba	No residentes en España	Junio	1,63
Córdoba	No residentes en España	Julio	1,68
Córdoba	No residentes en España	Agosto	1,72
Córdoba	No residentes en España	Septiembre	1,67
Córdoba	No residentes en España	Octubre	1,64
Córdoba	No residentes en España	Noviembre	1,63
Córdoba	No residentes en España	Diciembre	1,68
Coruña, A	Total	Total	1,82
Coruña, A	Total	Enero	1,87
Coruña, A	Total	Febrero	1,8
Coruña, A	Total	Marzo	1,86
Coruña, A	Total	Abril	1,73
Coruña, A	Total	Mayo	1,67
Coruña, A	Total	Junio	1,76
Coruña, A	Total	Julio	1,94
Coruña, A	Total	Agosto	2,03
Coruña, A	Total	Septiembre	1,73
Coruña, A	Total	Octubre	1,71
Coruña, A	Total	Noviembre	1,9
Coruña, A	Total	Diciembre	1,9
Coruña, A	Residentes en España	Total	1,88
Coruña, A	Residentes en España	Enero	1,81
Coruña, A	Residentes en España	Febrero	1,78
Coruña, A	Residentes en España	Marzo	1,86
Coruña, A	Residentes en España	Abril	1,78
Coruña, A	Residentes en España	Mayo	1,74
Coruña, A	Residentes en España	Junio	1,8
Coruña, A	Residentes en España	Julio	2,02
Coruña, A	Residentes en España	Agosto	2,13
Coruña, A	Residentes en España	Septiembre	1,83
Coruña, A	Residentes en España	Octubre	1,75
Coruña, A	Residentes en España	Noviembre	1,84
Coruña, A	Residentes en España	Diciembre	1,81
Coruña, A	No residentes en España	Total	1,71
Coruña, A	No residentes en España	Enero	2,14
Coruña, A	No residentes en España	Febrero	1,89
Coruña, A	No residentes en España	Marzo	1,86
Coruña, A	No residentes en España	Abril	1,62
Coruña, A	No residentes en España	Mayo	1,58
Coruña, A	No residentes en España	Junio	1,69
Coruña, A	No residentes en España	Julio	1,76
Coruña, A	No residentes en España	Agosto	1,74
Coruña, A	No residentes en España	Septiembre	1,59
Coruña, A	No residentes en España	Octubre	1,65
Coruña, A	No residentes en España	Noviembre	2,08
Coruña, A	No residentes en España	Diciembre	2,28
Cuenca	Total	Total	1,83
Cuenca	Total	Enero	1,95
Cuenca	Total	Febrero	1,89
Cuenca	Total	Marzo	1,94
Cuenca	Total	Abril	1,89
Cuenca	Total	Mayo	1,88
Cuenca	Total	Junio	1,82
Cuenca	Total	Julio	1,8
Cuenca	Total	Agosto	1,77
Cuenca	Total	Septiembre	1,83
Cuenca	Total	Octubre	1,81
Cuenca	Total	Noviembre	1,74
Cuenca	Total	Diciembre	1,73
Cuenca	Residentes en España	Total	1,82
Cuenca	Residentes en España	Enero	1,91
Cuenca	Residentes en España	Febrero	1,88
Cuenca	Residentes en España	Marzo	1,93
Cuenca	Residentes en España	Abril	1,87
Cuenca	Residentes en España	Mayo	1,85
Cuenca	Residentes en España	Junio	1,76
Cuenca	Residentes en España	Julio	1,8
Cuenca	Residentes en España	Agosto	1,78
Cuenca	Residentes en España	Septiembre	1,83
Cuenca	Residentes en España	Octubre	1,82
Cuenca	Residentes en España	Noviembre	1,73
Cuenca	Residentes en España	Diciembre	1,72
Cuenca	No residentes en España	Total	1,93
Cuenca	No residentes en España	Enero	2,21
Cuenca	No residentes en España	Febrero	1,97
Cuenca	No residentes en España	Marzo	2,08
Cuenca	No residentes en España	Abril	2
Cuenca	No residentes en España	Mayo	2,05
Cuenca	No residentes en España	Junio	2,15
Cuenca	No residentes en España	Julio	1,86
Cuenca	No residentes en España	Agosto	1,69
Cuenca	No residentes en España	Septiembre	1,81
Cuenca	No residentes en España	Octubre	1,78
Cuenca	No residentes en España	Noviembre	1,76
Cuenca	No residentes en España	Diciembre	1,92
Gipuzkoa	Total	Total	2,02
Gipuzkoa	Total	Enero	1,66
Gipuzkoa	Total	Febrero	1,75
Gipuzkoa	Total	Marzo	1,87
Gipuzkoa	Total	Abril	1,95
Gipuzkoa	Total	Mayo	1,95
Gipuzkoa	Total	Junio	2,12
Gipuzkoa	Total	Julio	2,35
Gipuzkoa	Total	Agosto	2,3
Gipuzkoa	Total	Septiembre	2,06
Gipuzkoa	Total	Octubre	2
Gipuzkoa	Total	Noviembre	1,89
Gipuzkoa	Total	Diciembre	1,84
Gipuzkoa	Residentes en España	Total	1,99
Gipuzkoa	Residentes en España	Enero	1,66
Gipuzkoa	Residentes en España	Febrero	1,72
Gipuzkoa	Residentes en España	Marzo	1,86
Gipuzkoa	Residentes en España	Abril	1,96
Gipuzkoa	Residentes en España	Mayo	1,87
Gipuzkoa	Residentes en España	Junio	1,96
Gipuzkoa	Residentes en España	Julio	2,32
Gipuzkoa	Residentes en España	Agosto	2,42
Gipuzkoa	Residentes en España	Septiembre	2,06
Gipuzkoa	Residentes en España	Octubre	1,96
Gipuzkoa	Residentes en España	Noviembre	1,85
Gipuzkoa	Residentes en España	Diciembre	1,87
Gipuzkoa	No residentes en España	Total	2,07
Gipuzkoa	No residentes en España	Enero	1,66
Gipuzkoa	No residentes en España	Febrero	1,8
Gipuzkoa	No residentes en España	Marzo	1,89
Gipuzkoa	No residentes en España	Abril	1,93
Gipuzkoa	No residentes en España	Mayo	2,02
Gipuzkoa	No residentes en España	Junio	2,26
Gipuzkoa	No residentes en España	Julio	2,38
Gipuzkoa	No residentes en España	Agosto	2,18
Gipuzkoa	No residentes en España	Septiembre	2,05
Gipuzkoa	No residentes en España	Octubre	2,04
Gipuzkoa	No residentes en España	Noviembre	1,94
Gipuzkoa	No residentes en España	Diciembre	1,79
Girona	Total	Total	2,85
Girona	Total	Enero	1,84
Girona	Total	Febrero	1,83
Girona	Total	Marzo	2,14
Girona	Total	Abril	2,5
Girona	Total	Mayo	2,58
Girona	Total	Junio	2,72
Girona	Total	Julio	3,52
Girona	Total	Agosto	3,76
Girona	Total	Septiembre	3,03
Girona	Total	Octubre	2,49
Girona	Total	Noviembre	2,04
Girona	Total	Diciembre	1,92
Girona	Residentes en España	Total	2,17
Girona	Residentes en España	Enero	1,82
Girona	Residentes en España	Febrero	1,7
Girona	Residentes en España	Marzo	2,04
Girona	Residentes en España	Abril	1,98
Girona	Residentes en España	Mayo	1,98
Girona	Residentes en España	Junio	2,06
Girona	Residentes en España	Julio	2,54
Girona	Residentes en España	Agosto	3,02
Girona	Residentes en España	Septiembre	2,12
Girona	Residentes en España	Octubre	1,71
Girona	Residentes en España	Noviembre	1,73
Girona	Residentes en España	Diciembre	1,87
Girona	No residentes en España	Total	3,46
Girona	No residentes en España	Enero	1,88
Girona	No residentes en España	Febrero	2,05
Girona	No residentes en España	Marzo	2,31
Girona	No residentes en España	Abril	3,09
Girona	No residentes en España	Mayo	2,98
Girona	No residentes en España	Junio	3,38
Girona	No residentes en España	Julio	4,21
Girona	No residentes en España	Agosto	4,32
Girona	No residentes en España	Septiembre	3,62
Girona	No residentes en España	Octubre	3,06
Girona	No residentes en España	Noviembre	2,39
Girona	No residentes en España	Diciembre	2,02
Granada	Total	Total	2,03
Granada	Total	Enero	1,86
Granada	Total	Febrero	1,84
Granada	Total	Marzo	1,91
Granada	Total	Abril	2,03
Granada	Total	Mayo	1,97
Granada	Total	Junio	1,99
Granada	Total	Julio	2,2
Granada	Total	Agosto	2,28
Granada	Total	Septiembre	2,11
Granada	Total	Octubre	2,08
Granada	Total	Noviembre	1,95
Granada	Total	Diciembre	1,89
Granada	Residentes en España	Total	1,98
Granada	Residentes en España	Enero	1,76
Granada	Residentes en España	Febrero	1,76
Granada	Residentes en España	Marzo	1,8
Granada	Residentes en España	Abril	1,95
Granada	Residentes en España	Mayo	1,88
Granada	Residentes en España	Junio	1,93
Granada	Residentes en España	Julio	2,33
Granada	Residentes en España	Agosto	2,42
Granada	Residentes en España	Septiembre	2,04
Granada	Residentes en España	Octubre	1,96
Granada	Residentes en España	Noviembre	1,87
Granada	Residentes en España	Diciembre	1,84
Granada	No residentes en España	Total	2,11
Granada	No residentes en España	Enero	2,12
Granada	No residentes en España	Febrero	2,11
Granada	No residentes en España	Marzo	2,15
Granada	No residentes en España	Abril	2,17
Granada	No residentes en España	Mayo	2,09
Granada	No residentes en España	Junio	2,08
Granada	No residentes en España	Julio	2
Granada	No residentes en España	Agosto	2,05
Granada	No residentes en España	Septiembre	2,19
Granada	No residentes en España	Octubre	2,24
Granada	No residentes en España	Noviembre	2,1
Granada	No residentes en España	Diciembre	2,01
Guadalajara	Total	Total	1,81
Guadalajara	Total	Enero	1,62
Guadalajara	Total	Febrero	1,72
Guadalajara	Total	Marzo	1,79
Guadalajara	Total	Abril	1,85
Guadalajara	Total	Mayo	1,84
Guadalajara	Total	Junio	1,92
Guadalajara	Total	Julio	1,77
Guadalajara	Total	Agosto	1,86
Guadalajara	Total	Septiembre	1,82
Guadalajara	Total	Octubre	1,82
Guadalajara	Total	Noviembre	1,65
Guadalajara	Total	Diciembre	2
Guadalajara	Residentes en España	Total	1,67
Guadalajara	Residentes en España	Enero	1,63
Guadalajara	Residentes en España	Febrero	1,69
Guadalajara	Residentes en España	Marzo	1,63
Guadalajara	Residentes en España	Abril	1,68
Guadalajara	Residentes en España	Mayo	1,62
Guadalajara	Residentes en España	Junio	1,75
Guadalajara	Residentes en España	Julio	1,63
Guadalajara	Residentes en España	Agosto	1,68
Guadalajara	Residentes en España	Septiembre	1,66
Guadalajara	Residentes en España	Octubre	1,75
Guadalajara	Residentes en España	Noviembre	1,5
Guadalajara	Residentes en España	Diciembre	1,88
Guadalajara	No residentes en España	Total	2,82
Guadalajara	No residentes en España	Enero	1,53
Guadalajara	No residentes en España	Febrero	1,95
Guadalajara	No residentes en España	Marzo	2,66
Guadalajara	No residentes en España	Abril	3,24
Guadalajara	No residentes en España	Mayo	3,12
Guadalajara	No residentes en España	Junio	3,41
Guadalajara	No residentes en España	Julio	3
Guadalajara	No residentes en España	Agosto	3,11
Guadalajara	No residentes en España	Septiembre	2,98
Guadalajara	No residentes en España	Octubre	2,27
Guadalajara	No residentes en España	Noviembre	2,53
Guadalajara	No residentes en España	Diciembre	3,07
Huelva	Total	Total	3,44
Huelva	Total	Enero	2,02
Huelva	Total	Febrero	2,12
Huelva	Total	Marzo	2,91
Huelva	Total	Abril	3,24
Huelva	Total	Mayo	3,19
Huelva	Total	Junio	3,34
Huelva	Total	Julio	3,84
Huelva	Total	Agosto	4,44
Huelva	Total	Septiembre	3,64
Huelva	Total	Octubre	3,01
Huelva	Total	Noviembre	2,29
Huelva	Total	Diciembre	2,21
Huelva	Residentes en España	Total	3,13
Huelva	Residentes en España	Enero	2,02
Huelva	Residentes en España	Febrero	2,05
Huelva	Residentes en España	Marzo	2,72
Huelva	Residentes en España	Abril	3,14
Huelva	Residentes en España	Mayo	2,78
Huelva	Residentes en España	Junio	2,91
Huelva	Residentes en España	Julio	3,61
Huelva	Residentes en España	Agosto	4,13
Huelva	Residentes en España	Septiembre	3,19
Huelva	Residentes en España	Octubre	2,56
Huelva	Residentes en España	Noviembre	1,96
Huelva	Residentes en España	Diciembre	2,1
Huelva	No residentes en España	Total	4,57
Huelva	No residentes en España	Enero	1,98
Huelva	No residentes en España	Febrero	2,6
Huelva	No residentes en España	Marzo	3,62
Huelva	No residentes en España	Abril	3,58
Huelva	No residentes en España	Mayo	4,73
Huelva	No residentes en España	Junio	4,71
Huelva	No residentes en España	Julio	5
Huelva	No residentes en España	Agosto	5,75
Huelva	No residentes en España	Septiembre	4,86
Huelva	No residentes en España	Octubre	4,2
Huelva	No residentes en España	Noviembre	3,45
Huelva	No residentes en España	Diciembre	2,64
Huesca	Total	Total	2,39
Huesca	Total	Enero	2,56
Huesca	Total	Febrero	2,68
Huesca	Total	Marzo	2,68
Huesca	Total	Abril	2,24
Huesca	Total	Mayo	2,03
Huesca	Total	Junio	2,16
Huesca	Total	Julio	2,35
Huesca	Total	Agosto	2,63
Huesca	Total	Septiembre	2,14
Huesca	Total	Octubre	2,19
Huesca	Total	Noviembre	2,13
Huesca	Total	Diciembre	2,48
Huesca	Residentes en España	Total	2,41
Huesca	Residentes en España	Enero	2,55
Huesca	Residentes en España	Febrero	2,59
Huesca	Residentes en España	Marzo	2,62
Huesca	Residentes en España	Abril	2,24
Huesca	Residentes en España	Mayo	2,01
Huesca	Residentes en España	Junio	2,2
Huesca	Residentes en España	Julio	2,4
Huesca	Residentes en España	Agosto	2,74
Huesca	Residentes en España	Septiembre	2,17
Huesca	Residentes en España	Octubre	2,24
Huesca	Residentes en España	Noviembre	2,1
Huesca	Residentes en España	Diciembre	2,46
Huesca	No residentes en España	Total	2,26
Huesca	No residentes en España	Enero	2,63
Huesca	No residentes en España	Febrero	3,43
Huesca	No residentes en España	Marzo	3,32
Huesca	No residentes en España	Abril	2,23
Huesca	No residentes en España	Mayo	2,09
Huesca	No residentes en España	Junio	2,03
Huesca	No residentes en España	Julio	2,18
Huesca	No residentes en España	Agosto	2,18
Huesca	No residentes en España	Septiembre	2,07
Huesca	No residentes en España	Octubre	2
Huesca	No residentes en España	Noviembre	2,29
Huesca	No residentes en España	Diciembre	2,63
Jaén	Total	Total	1,84
Jaén	Total	Enero	1,66
Jaén	Total	Febrero	1,8
Jaén	Total	Marzo	1,85
Jaén	Total	Abril	1,89
Jaén	Total	Mayo	1,84
Jaén	Total	Junio	1,79
Jaén	Total	Julio	1,81
Jaén	Total	Agosto	2,07
Jaén	Total	Septiembre	1,78
Jaén	Total	Octubre	1,84
Jaén	Total	Noviembre	1,84
Jaén	Total	Diciembre	1,8
Jaén	Residentes en España	Total	1,86
Jaén	Residentes en España	Enero	1,67
Jaén	Residentes en España	Febrero	1,78
Jaén	Residentes en España	Marzo	1,84
Jaén	Residentes en España	Abril	1,92
Jaén	Residentes en España	Mayo	1,86
Jaén	Residentes en España	Junio	1,77
Jaén	Residentes en España	Julio	1,84
Jaén	Residentes en España	Agosto	2,15
Jaén	Residentes en España	Septiembre	1,81
Jaén	Residentes en España	Octubre	1,84
Jaén	Residentes en España	Noviembre	1,84
Jaén	Residentes en España	Diciembre	1,79
Jaén	No residentes en España	Total	1,74
Jaén	No residentes en España	Enero	1,57
Jaén	No residentes en España	Febrero	2,01
Jaén	No residentes en España	Marzo	1,97
Jaén	No residentes en España	Abril	1,65
Jaén	No residentes en España	Mayo	1,74
Jaén	No residentes en España	Junio	1,9
Jaén	No residentes en España	Julio	1,54
Jaén	No residentes en España	Agosto	1,54
Jaén	No residentes en España	Septiembre	1,6
Jaén	No residentes en España	Octubre	1,81
Jaén	No residentes en España	Noviembre	1,86
Jaén	No residentes en España	Diciembre	1,92
León	Total	Total	1,61
León	Total	Enero	1,8
León	Total	Febrero	1,8
León	Total	Marzo	1,73
León	Total	Abril	1,55
León	Total	Mayo	1,48
León	Total	Junio	1,48
León	Total	Julio	1,6
León	Total	Agosto	1,6
León	Total	Septiembre	1,55
León	Total	Octubre	1,55
León	Total	Noviembre	1,74
León	Total	Diciembre	1,9
León	Residentes en España	Total	1,66
León	Residentes en España	Enero	1,81
León	Residentes en España	Febrero	1,81
León	Residentes en España	Marzo	1,75
León	Residentes en España	Abril	1,6
León	Residentes en España	Mayo	1,56
León	Residentes en España	Junio	1,55
León	Residentes en España	Julio	1,65
León	Residentes en España	Agosto	1,65
León	Residentes en España	Septiembre	1,63
León	Residentes en España	Octubre	1,6
León	Residentes en España	Noviembre	1,71
León	Residentes en España	Diciembre	1,87
León	No residentes en España	Total	1,41
León	No residentes en España	Enero	1,67
León	No residentes en España	Febrero	1,71
León	No residentes en España	Marzo	1,62
León	No residentes en España	Abril	1,35
León	No residentes en España	Mayo	1,33
León	No residentes en España	Junio	1,33
León	No residentes en España	Julio	1,42
León	No residentes en España	Agosto	1,39
León	No residentes en España	Septiembre	1,36
León	No residentes en España	Octubre	1,4
León	No residentes en España	Noviembre	1,98
León	No residentes en España	Diciembre	2,15
Lleida	Total	Total	2,26
Lleida	Total	Enero	2,54
Lleida	Total	Febrero	2,5
Lleida	Total	Marzo	2,33
Lleida	Total	Abril	2,13
Lleida	Total	Mayo	1,88
Lleida	Total	Junio	2
Lleida	Total	Julio	2,34
Lleida	Total	Agosto	2,47
Lleida	Total	Septiembre	2,01
Lleida	Total	Octubre	1,98
Lleida	Total	Noviembre	1,87
Lleida	Total	Diciembre	2,43
Lleida	Residentes en España	Total	2,25
Lleida	Residentes en España	Enero	2,55
Lleida	Residentes en España	Febrero	2,38
Lleida	Residentes en España	Marzo	2,19
Lleida	Residentes en España	Abril	2,13
Lleida	Residentes en España	Mayo	1,83
Lleida	Residentes en España	Junio	2,02
Lleida	Residentes en España	Julio	2,4
Lleida	Residentes en España	Agosto	2,57
Lleida	Residentes en España	Septiembre	2,01
Lleida	Residentes en España	Octubre	2
Lleida	Residentes en España	Noviembre	1,83
Lleida	Residentes en España	Diciembre	2,43
Lleida	No residentes en España	Total	2,28
Lleida	No residentes en España	Enero	2,54
Lleida	No residentes en España	Febrero	2,93
Lleida	No residentes en España	Marzo	2,9
Lleida	No residentes en España	Abril	2,15
Lleida	No residentes en España	Mayo	2,1
Lleida	No residentes en España	Junio	1,89
Lleida	No residentes en España	Julio	2,08
Lleida	No residentes en España	Agosto	1,99
Lleida	No residentes en España	Septiembre	2
Lleida	No residentes en España	Octubre	1,88
Lleida	No residentes en España	Noviembre	2,11
Lleida	No residentes en España	Diciembre	2,39
Lugo	Total	Total	1,59
Lugo	Total	Enero	1,8
Lugo	Total	Febrero	1,76
Lugo	Total	Marzo	1,68
Lugo	Total	Abril	1,51
Lugo	Total	Mayo	1,39
Lugo	Total	Junio	1,51
Lugo	Total	Julio	1,63
Lugo	Total	Agosto	1,76
Lugo	Total	Septiembre	1,48
Lugo	Total	Octubre	1,53
Lugo	Total	Noviembre	1,73
Lugo	Total	Diciembre	1,75
Lugo	Residentes en España	Total	1,69
Lugo	Residentes en España	Enero	1,75
Lugo	Residentes en España	Febrero	1,74
Lugo	Residentes en España	Marzo	1,69
Lugo	Residentes en España	Abril	1,57
Lugo	Residentes en España	Mayo	1,5
Lugo	Residentes en España	Junio	1,67
Lugo	Residentes en España	Julio	1,73
Lugo	Residentes en España	Agosto	1,85
Lugo	Residentes en España	Septiembre	1,62
Lugo	Residentes en España	Octubre	1,7
Lugo	Residentes en España	Noviembre	1,76
Lugo	Residentes en España	Diciembre	1,72
Lugo	No residentes en España	Total	1,27
Lugo	No residentes en España	Enero	2,6
Lugo	No residentes en España	Febrero	2,02
Lugo	No residentes en España	Marzo	1,59
Lugo	No residentes en España	Abril	1,26
Lugo	No residentes en España	Mayo	1,18
Lugo	No residentes en España	Junio	1,19
Lugo	No residentes en España	Julio	1,29
Lugo	No residentes en España	Agosto	1,31
Lugo	No residentes en España	Septiembre	1,21
Lugo	No residentes en España	Octubre	1,16
Lugo	No residentes en España	Noviembre	1,59
Lugo	No residentes en España	Diciembre	2,14
Madrid	Total	Total	2,01
Madrid	Total	Enero	2,1
Madrid	Total	Febrero	1,99
Madrid	Total	Marzo	2,03
Madrid	Total	Abril	2,11
Madrid	Total	Mayo	2,03
Madrid	Total	Junio	2
Madrid	Total	Julio	2
Madrid	Total	Agosto	1,99
Madrid	Total	Septiembre	1,97
Madrid	Total	Octubre	2,03
Madrid	Total	Noviembre	1,92
Madrid	Total	Diciembre	1,97
Madrid	Residentes en España	Total	1,73
Madrid	Residentes en España	Enero	1,81
Madrid	Residentes en España	Febrero	1,75
Madrid	Residentes en España	Marzo	1,72
Madrid	Residentes en España	Abril	1,77
Madrid	Residentes en España	Mayo	1,71
Madrid	Residentes en España	Junio	1,7
Madrid	Residentes en España	Julio	1,73
Madrid	Residentes en España	Agosto	1,75
Madrid	Residentes en España	Septiembre	1,7
Madrid	Residentes en España	Octubre	1,74
Madrid	Residentes en España	Noviembre	1,67
Madrid	Residentes en España	Diciembre	1,79
Madrid	No residentes en España	Total	2,37
Madrid	No residentes en España	Enero	2,7
Madrid	No residentes en España	Febrero	2,49
Madrid	No residentes en España	Marzo	2,52
Madrid	No residentes en España	Abril	2,58
Madrid	No residentes en España	Mayo	2,41
Madrid	No residentes en España	Junio	2,36
Madrid	No residentes en España	Julio	2,27
Madrid	No residentes en España	Agosto	2,25
Madrid	No residentes en España	Septiembre	2,27
Madrid	No residentes en España	Octubre	2,36
Madrid	No residentes en España	Noviembre	2,29
Madrid	No residentes en España	Diciembre	2,28
Málaga	Total	Total	3,43
Málaga	Total	Enero	2,69
Málaga	Total	Febrero	2,72
Málaga	Total	Marzo	3,2
Málaga	Total	Abril	3,35
Málaga	Total	Mayo	3,43
Málaga	Total	Junio	3,54
Málaga	Total	Julio	3,69
Málaga	Total	Agosto	4,02
Málaga	Total	Septiembre	3,48
Málaga	Total	Octubre	3,55
Málaga	Total	Noviembre	3,13
Málaga	Total	Diciembre	2,74
Málaga	Residentes en España	Total	2,52
Málaga	Residentes en España	Enero	1,95
Málaga	Residentes en España	Febrero	2,09
Málaga	Residentes en España	Marzo	2,41
Málaga	Residentes en España	Abril	2,52
Málaga	Residentes en España	Mayo	2,37
Málaga	Residentes en España	Junio	2,41
Málaga	Residentes en España	Julio	2,85
Málaga	Residentes en España	Agosto	3,27
Málaga	Residentes en España	Septiembre	2,55
Málaga	Residentes en España	Octubre	2,24
Málaga	Residentes en España	Noviembre	2,17
Málaga	Residentes en España	Diciembre	2,16
Málaga	No residentes en España	Total	4,13
Málaga	No residentes en España	Enero	3,42
Málaga	No residentes en España	Febrero	3,56
Málaga	No residentes en España	Marzo	3,88
Málaga	No residentes en España	Abril	3,94
Málaga	No residentes en España	Mayo	4,04
Málaga	No residentes en España	Junio	4,36
Málaga	No residentes en España	Julio	4,48
Málaga	No residentes en España	Agosto	4,71
Málaga	No residentes en España	Septiembre	4
Málaga	No residentes en España	Octubre	4,22
Málaga	No residentes en España	Noviembre	3,99
Málaga	No residentes en España	Diciembre	3,4
Murcia	Total	Total	2,26
Murcia	Total	Enero	1,79
Murcia	Total	Febrero	1,94
Murcia	Total	Marzo	2,23
Murcia	Total	Abril	2,37
Murcia	Total	Mayo	2,39
Murcia	Total	Junio	2,36
Murcia	Total	Julio	2,38
Murcia	Total	Agosto	2,53
Murcia	Total	Septiembre	2,33
Murcia	Total	Octubre	2,18
Murcia	Total	Noviembre	2,02
Murcia	Total	Diciembre	1,85
Murcia	Residentes en España	Total	2,16
Murcia	Residentes en España	Enero	1,66
Murcia	Residentes en España	Febrero	1,8
Murcia	Residentes en España	Marzo	2,09
Murcia	Residentes en España	Abril	2,33
Murcia	Residentes en España	Mayo	2,39
Murcia	Residentes en España	Junio	2,17
Murcia	Residentes en España	Julio	2,35
Murcia	Residentes en España	Agosto	2,51
Murcia	Residentes en España	Septiembre	2,09
Murcia	Residentes en España	Octubre	2,08
Murcia	Residentes en España	Noviembre	1,93
Murcia	Residentes en España	Diciembre	1,75
Murcia	No residentes en España	Total	2,6
Murcia	No residentes en España	Enero	2,33
Murcia	No residentes en España	Febrero	2,51
Murcia	No residentes en España	Marzo	2,72
Murcia	No residentes en España	Abril	2,55
Murcia	No residentes en España	Mayo	2,4
Murcia	No residentes en España	Junio	2,99
Murcia	No residentes en España	Julio	2,46
Murcia	No residentes en España	Agosto	2,59
Murcia	No residentes en España	Septiembre	2,95
Murcia	No residentes en España	Octubre	2,55
Murcia	No residentes en España	Noviembre	2,37
Murcia	No residentes en España	Diciembre	2,37
Navarra	Total	Total	1,82
Navarra	Total	Enero	1,81
Navarra	Total	Febrero	1,73
Navarra	Total	Marzo	1,9
Navarra	Total	Abril	1,78
Navarra	Total	Mayo	1,79
Navarra	Total	Junio	1,77
Navarra	Total	Julio	1,84
Navarra	Total	Agosto	1,88
Navarra	Total	Septiembre	1,77
Navarra	Total	Octubre	1,91
Navarra	Total	Noviembre	1,91
Navarra	Total	Diciembre	1,7
Navarra	Residentes en España	Total	1,91
Navarra	Residentes en España	Enero	1,75
Navarra	Residentes en España	Febrero	1,72
Navarra	Residentes en España	Marzo	1,9
Navarra	Residentes en España	Abril	1,88
Navarra	Residentes en España	Mayo	1,9
Navarra	Residentes en España	Junio	1,9
Navarra	Residentes en España	Julio	1,91
Navarra	Residentes en España	Agosto	2,09
Navarra	Residentes en España	Septiembre	1,91
Navarra	Residentes en España	Octubre	2
Navarra	Residentes en España	Noviembre	1,94
Navarra	Residentes en España	Diciembre	1,71
Navarra	No residentes en España	Total	1,59
Navarra	No residentes en España	Enero	2,08
Navarra	No residentes en España	Febrero	1,81
Navarra	No residentes en España	Marzo	1,89
Navarra	No residentes en España	Abril	1,5
Navarra	No residentes en España	Mayo	1,57
Navarra	No residentes en España	Junio	1,48
Navarra	No residentes en España	Julio	1,7
Navarra	No residentes en España	Agosto	1,49
Navarra	No residentes en España	Septiembre	1,48
Navarra	No residentes en España	Octubre	1,62
Navarra	No residentes en España	Noviembre	1,79
Navarra	No residentes en España	Diciembre	1,66
Ourense	Total	Total	1,94
Ourense	Total	Enero	1,7
Ourense	Total	Febrero	1,69
Ourense	Total	Marzo	1,88
Ourense	Total	Abril	1,9
Ourense	Total	Mayo	1,98
Ourense	Total	Junio	1,92
Ourense	Total	Julio	1,99
Ourense	Total	Agosto	2,06
Ourense	Total	Septiembre	2,02
Ourense	Total	Octubre	2,08
Ourense	Total	Noviembre	1,98
Ourense	Total	Diciembre	1,79
Ourense	Residentes en España	Total	1,93
Ourense	Residentes en España	Enero	1,67
Ourense	Residentes en España	Febrero	1,68
Ourense	Residentes en España	Marzo	1,87
Ourense	Residentes en España	Abril	1,88
Ourense	Residentes en España	Mayo	2,02
Ourense	Residentes en España	Junio	1,97
Ourense	Residentes en España	Julio	1,94
Ourense	Residentes en España	Agosto	2,03
Ourense	Residentes en España	Septiembre	2,02
Ourense	Residentes en España	Octubre	2,07
Ourense	Residentes en España	Noviembre	1,95
Ourense	Residentes en España	Diciembre	1,74
Ourense	No residentes en España	Total	2,06
Ourense	No residentes en España	Enero	2,12
Ourense	No residentes en España	Febrero	1,78
Ourense	No residentes en España	Marzo	2,1
Ourense	No residentes en España	Abril	2,05
Ourense	No residentes en España	Mayo	1,65
Ourense	No residentes en España	Junio	1,57
Ourense	No residentes en España	Julio	2,37
Ourense	No residentes en España	Agosto	2,33
Ourense	No residentes en España	Septiembre	2,03
Ourense	No residentes en España	Octubre	2,16
Ourense	No residentes en España	Noviembre	2,24
Ourense	No residentes en España	Diciembre	2,31
Palencia	Total	Total	1,75
Palencia	Total	Enero	1,85
Palencia	Total	Febrero	1,85
Palencia	Total	Marzo	2,06
Palencia	Total	Abril	1,77
Palencia	Total	Mayo	1,66
Palencia	Total	Junio	1,75
Palencia	Total	Julio	1,72
Palencia	Total	Agosto	1,75
Palencia	Total	Septiembre	1,61
Palencia	Total	Octubre	1,72
Palencia	Total	Noviembre	1,71
Palencia	Total	Diciembre	1,78
Palencia	Residentes en España	Total	1,85
Palencia	Residentes en España	Enero	1,81
Palencia	Residentes en España	Febrero	1,88
Palencia	Residentes en España	Marzo	2,09
Palencia	Residentes en España	Abril	1,86
Palencia	Residentes en España	Mayo	1,89
Palencia	Residentes en España	Junio	1,97
Palencia	Residentes en España	Julio	1,83
Palencia	Residentes en España	Agosto	1,89
Palencia	Residentes en España	Septiembre	1,7
Palencia	Residentes en España	Octubre	1,84
Palencia	Residentes en España	Noviembre	1,72
Palencia	Residentes en España	Diciembre	1,83
Palencia	No residentes en España	Total	1,39
Palencia	No residentes en España	Enero	2,15
Palencia	No residentes en España	Febrero	1,65
Palencia	No residentes en España	Marzo	1,83
Palencia	No residentes en España	Abril	1,37
Palencia	No residentes en España	Mayo	1,18
Palencia	No residentes en España	Junio	1,2
Palencia	No residentes en España	Julio	1,42
Palencia	No residentes en España	Agosto	1,4
Palencia	No residentes en España	Septiembre	1,4
Palencia	No residentes en España	Octubre	1,39
Palencia	No residentes en España	Noviembre	1,58
Palencia	No residentes en España	Diciembre	1,47
Palmas, Las	Total	Total	6,84
Palmas, Las	Total	Enero	7,48
Palmas, Las	Total	Febrero	6,26
Palmas, Las	Total	Marzo	6,94
Palmas, Las	Total	Abril	6,46
Palmas, Las	Total	Mayo	6,43
Palmas, Las	Total	Junio	6,71
Palmas, Las	Total	Julio	6,97
Palmas, Las	Total	Agosto	7,32
Palmas, Las	Total	Septiembre	7,15
Palmas, Las	Total	Octubre	6,64
Palmas, Las	Total	Noviembre	7,09
Palmas, Las	Total	Diciembre	6,65
Palmas, Las	Residentes en España	Total	3,94
Palmas, Las	Residentes en España	Enero	3,91
Palmas, Las	Residentes en España	Febrero	3,25
Palmas, Las	Residentes en España	Marzo	3,53
Palmas, Las	Residentes en España	Abril	3,44
Palmas, Las	Residentes en España	Mayo	3,38
Palmas, Las	Residentes en España	Junio	3,68
Palmas, Las	Residentes en España	Julio	4,38
Palmas, Las	Residentes en España	Agosto	4,88
Palmas, Las	Residentes en España	Septiembre	4,29
Palmas, Las	Residentes en España	Octubre	3,86
Palmas, Las	Residentes en España	Noviembre	3,77
Palmas, Las	Residentes en España	Diciembre	3,73
Palmas, Las	No residentes en España	Total	7,63
Palmas, Las	No residentes en España	Enero	8,16
Palmas, Las	No residentes en España	Febrero	6,81
Palmas, Las	No residentes en España	Marzo	7,54
Palmas, Las	No residentes en España	Abril	7,23
Palmas, Las	No residentes en España	Mayo	7,49
Palmas, Las	No residentes en España	Junio	7,89
Palmas, Las	No residentes en España	Julio	7,94
Palmas, Las	No residentes en España	Agosto	8,3
Palmas, Las	No residentes en España	Septiembre	8,18
Palmas, Las	No residentes en España	Octubre	7,29
Palmas, Las	No residentes en España	Noviembre	7,69
Palmas, Las	No residentes en España	Diciembre	7,2
Pontevedra	Total	Total	2,27
Pontevedra	Total	Enero	1,97
Pontevedra	Total	Febrero	1,86
Pontevedra	Total	Marzo	2,11
Pontevedra	Total	Abril	2,03
Pontevedra	Total	Mayo	1,97
Pontevedra	Total	Junio	2,2
Pontevedra	Total	Julio	2,57
Pontevedra	Total	Agosto	2,72
Pontevedra	Total	Septiembre	2,27
Pontevedra	Total	Octubre	2,27
Pontevedra	Total	Noviembre	2,15
Pontevedra	Total	Diciembre	1,77
Pontevedra	Residentes en España	Total	2,45
Pontevedra	Residentes en España	Enero	1,87
Pontevedra	Residentes en España	Febrero	1,86
Pontevedra	Residentes en España	Marzo	2,13
Pontevedra	Residentes en España	Abril	2,19
Pontevedra	Residentes en España	Mayo	2,22
Pontevedra	Residentes en España	Junio	2,41
Pontevedra	Residentes en España	Julio	2,75
Pontevedra	Residentes en España	Agosto	2,89
Pontevedra	Residentes en España	Septiembre	2,63
Pontevedra	Residentes en España	Octubre	2,46
Pontevedra	Residentes en España	Noviembre	2,21
Pontevedra	Residentes en España	Diciembre	1,84
Pontevedra	No residentes en España	Total	1,75
Pontevedra	No residentes en España	Enero	2,63
Pontevedra	No residentes en España	Febrero	1,87
Pontevedra	No residentes en España	Marzo	2,05
Pontevedra	No residentes en España	Abril	1,58
Pontevedra	No residentes en España	Mayo	1,5
Pontevedra	No residentes en España	Junio	1,68
Pontevedra	No residentes en España	Julio	1,91
Pontevedra	No residentes en España	Agosto	2,1
Pontevedra	No residentes en España	Septiembre	1,54
Pontevedra	No residentes en España	Octubre	1,78
Pontevedra	No residentes en España	Noviembre	1,85
Pontevedra	No residentes en España	Diciembre	1,53
Rioja, La	Total	Total	1,74
Rioja, La	Total	Enero	1,65
Rioja, La	Total	Febrero	1,65
Rioja, La	Total	Marzo	1,72
Rioja, La	Total	Abril	1,74
Rioja, La	Total	Mayo	1,65
Rioja, La	Total	Junio	1,71
Rioja, La	Total	Julio	1,72
Rioja, La	Total	Agosto	1,79
Rioja, La	Total	Septiembre	1,74
Rioja, La	Total	Octubre	1,81
Rioja, La	Total	Noviembre	1,74
Rioja, La	Total	Diciembre	1,83
Rioja, La	Residentes en España	Total	1,77
Rioja, La	Residentes en España	Enero	1,62
Rioja, La	Residentes en España	Febrero	1,63
Rioja, La	Residentes en España	Marzo	1,7
Rioja, La	Residentes en España	Abril	1,79
Rioja, La	Residentes en España	Mayo	1,74
Rioja, La	Residentes en España	Junio	1,75
Rioja, La	Residentes en España	Julio	1,74
Rioja, La	Residentes en España	Agosto	1,84
Rioja, La	Residentes en España	Septiembre	1,8
Rioja, La	Residentes en España	Octubre	1,83
Rioja, La	Residentes en España	Noviembre	1,73
Rioja, La	Residentes en España	Diciembre	1,84
Rioja, La	No residentes en España	Total	1,62
Rioja, La	No residentes en España	Enero	1,85
Rioja, La	No residentes en España	Febrero	1,81
Rioja, La	No residentes en España	Marzo	1,82
Rioja, La	No residentes en España	Abril	1,53
Rioja, La	No residentes en España	Mayo	1,47
Rioja, La	No residentes en España	Junio	1,63
Rioja, La	No residentes en España	Julio	1,63
Rioja, La	No residentes en España	Agosto	1,58
Rioja, La	No residentes en España	Septiembre	1,6
Rioja, La	No residentes en España	Octubre	1,7
Rioja, La	No residentes en España	Noviembre	1,78
Rioja, La	No residentes en España	Diciembre	1,79
Salamanca	Total	Total	1,72
Salamanca	Total	Enero	1,72
Salamanca	Total	Febrero	1,73
Salamanca	Total	Marzo	1,87
Salamanca	Total	Abril	1,76
Salamanca	Total	Mayo	1,77
Salamanca	Total	Junio	1,72
Salamanca	Total	Julio	1,54
Salamanca	Total	Agosto	1,62
Salamanca	Total	Septiembre	1,72
Salamanca	Total	Octubre	1,78
Salamanca	Total	Noviembre	1,93
Salamanca	Total	Diciembre	1,72
Salamanca	Residentes en España	Total	1,8
Salamanca	Residentes en España	Enero	1,76
Salamanca	Residentes en España	Febrero	1,78
Salamanca	Residentes en España	Marzo	1,95
Salamanca	Residentes en España	Abril	1,82
Salamanca	Residentes en España	Mayo	1,84
Salamanca	Residentes en España	Junio	1,79
Salamanca	Residentes en España	Julio	1,57
Salamanca	Residentes en España	Agosto	1,66
Salamanca	Residentes en España	Septiembre	1,8
Salamanca	Residentes en España	Octubre	1,9
Salamanca	Residentes en España	Noviembre	2,06
Salamanca	Residentes en España	Diciembre	1,79
Salamanca	No residentes en España	Total	1,55
Salamanca	No residentes en España	Enero	1,57
Salamanca	No residentes en España	Febrero	1,51
Salamanca	No residentes en España	Marzo	1,61
Salamanca	No residentes en España	Abril	1,55
Salamanca	No residentes en España	Mayo	1,61
Salamanca	No residentes en España	Junio	1,56
Salamanca	No residentes en España	Julio	1,48
Salamanca	No residentes en España	Agosto	1,56
Salamanca	No residentes en España	Septiembre	1,56
Salamanca	No residentes en España	Octubre	1,5
Salamanca	No residentes en España	Noviembre	1,57
Salamanca	No residentes en España	Diciembre	1,53
Santa Cruz de Tenerife	Total	Total	6,07
Santa Cruz de Tenerife	Total	Enero	6,63
Santa Cruz de Tenerife	Total	Febrero	5,94
Santa Cruz de Tenerife	Total	Marzo	6,29
Santa Cruz de Tenerife	Total	Abril	5,94
Santa Cruz de Tenerife	Total	Mayo	5,79
Santa Cruz de Tenerife	Total	Junio	5,87
Santa Cruz de Tenerife	Total	Julio	5,89
Santa Cruz de Tenerife	Total	Agosto	6,32
Santa Cruz de Tenerife	Total	Septiembre	6,16
Santa Cruz de Tenerife	Total	Octubre	6,01
Santa Cruz de Tenerife	Total	Noviembre	6,31
Santa Cruz de Tenerife	Total	Diciembre	5,89
Santa Cruz de Tenerife	Residentes en España	Total	3,78
Santa Cruz de Tenerife	Residentes en España	Enero	4,23
Santa Cruz de Tenerife	Residentes en España	Febrero	3,7
Santa Cruz de Tenerife	Residentes en España	Marzo	3,9
Santa Cruz de Tenerife	Residentes en España	Abril	3,77
Santa Cruz de Tenerife	Residentes en España	Mayo	3,56
Santa Cruz de Tenerife	Residentes en España	Junio	3,56
Santa Cruz de Tenerife	Residentes en España	Julio	3,72
Santa Cruz de Tenerife	Residentes en España	Agosto	4,27
Santa Cruz de Tenerife	Residentes en España	Septiembre	3,71
Santa Cruz de Tenerife	Residentes en España	Octubre	3,62
Santa Cruz de Tenerife	Residentes en España	Noviembre	3,58
Santa Cruz de Tenerife	Residentes en España	Diciembre	3,72
Santa Cruz de Tenerife	No residentes en España	Total	6,97
Santa Cruz de Tenerife	No residentes en España	Enero	7,26
Santa Cruz de Tenerife	No residentes en España	Febrero	6,55
Santa Cruz de Tenerife	No residentes en España	Marzo	6,94
Santa Cruz de Tenerife	No residentes en España	Abril	6,75
Santa Cruz de Tenerife	No residentes en España	Mayo	6,86
Santa Cruz de Tenerife	No residentes en España	Junio	7,05
Santa Cruz de Tenerife	No residentes en España	Julio	7,1
Santa Cruz de Tenerife	No residentes en España	Agosto	7,48
Santa Cruz de Tenerife	No residentes en España	Septiembre	7,39
Santa Cruz de Tenerife	No residentes en España	Octubre	6,85
Santa Cruz de Tenerife	No residentes en España	Noviembre	7,12
Santa Cruz de Tenerife	No residentes en España	Diciembre	6,51
Segovia	Total	Total	1,88
Segovia	Total	Enero	2,02
Segovia	Total	Febrero	2,05
Segovia	Total	Marzo	2,08
Segovia	Total	Abril	2
Segovia	Total	Mayo	2,01
Segovia	Total	Junio	1,65
Segovia	Total	Julio	1,68
Segovia	Total	Agosto	1,76
Segovia	Total	Septiembre	1,86
Segovia	Total	Octubre	1,93
Segovia	Total	Noviembre	1,89
Segovia	Total	Diciembre	1,94
Segovia	Residentes en España	Total	1,76
Segovia	Residentes en España	Enero	1,69
Segovia	Residentes en España	Febrero	1,85
Segovia	Residentes en España	Marzo	1,85
Segovia	Residentes en España	Abril	1,86
Segovia	Residentes en España	Mayo	1,84
Segovia	Residentes en España	Junio	1,62
Segovia	Residentes en España	Julio	1,71
Segovia	Residentes en España	Agosto	1,77
Segovia	Residentes en España	Septiembre	1,72
Segovia	Residentes en España	Octubre	1,76
Segovia	Residentes en España	Noviembre	1,7
Segovia	Residentes en España	Diciembre	1,78
Segovia	No residentes en España	Total	2,46
Segovia	No residentes en España	Enero	4,45
Segovia	No residentes en España	Febrero	3,82
Segovia	No residentes en España	Marzo	3,74
Segovia	No residentes en España	Abril	2,69
Segovia	No residentes en España	Mayo	2,61
Segovia	No residentes en España	Junio	1,8
Segovia	No residentes en España	Julio	1,55
Segovia	No residentes en España	Agosto	1,69
Segovia	No residentes en España	Septiembre	2,33
Segovia	No residentes en España	Octubre	2,67
Segovia	No residentes en España	Noviembre	3,13
Segovia	No residentes en España	Diciembre	3,22
Sevilla	Total	Total	2
Sevilla	Total	Enero	1,88
Sevilla	Total	Febrero	1,96
Sevilla	Total	Marzo	2,05
Sevilla	Total	Abril	2,11
Sevilla	Total	Mayo	2,04
Sevilla	Total	Junio	1,95
Sevilla	Total	Julio	1,91
Sevilla	Total	Agosto	2
Sevilla	Total	Septiembre	1,96
Sevilla	Total	Octubre	2,01
Sevilla	Total	Noviembre	2,06
Sevilla	Total	Diciembre	1,99
Sevilla	Residentes en España	Total	1,76
Sevilla	Residentes en España	Enero	1,68
Sevilla	Residentes en España	Febrero	1,73
Sevilla	Residentes en España	Marzo	1,78
Sevilla	Residentes en España	Abril	1,9
Sevilla	Residentes en España	Mayo	1,81
Sevilla	Residentes en España	Junio	1,69
Sevilla	Residentes en España	Julio	1,63
Sevilla	Residentes en España	Agosto	1,72
Sevilla	Residentes en España	Septiembre	1,69
Sevilla	Residentes en España	Octubre	1,81
Sevilla	Residentes en España	Noviembre	1,85
Sevilla	Residentes en España	Diciembre	1,84
Sevilla	No residentes en España	Total	2,28
Sevilla	No residentes en España	Enero	2,28
Sevilla	No residentes en España	Febrero	2,38
Sevilla	No residentes en España	Marzo	2,43
Sevilla	No residentes en España	Abril	2,36
Sevilla	No residentes en España	Mayo	2,26
Sevilla	No residentes en España	Junio	2,28
Sevilla	No residentes en España	Julio	2,23
Sevilla	No residentes en España	Agosto	2,25
Sevilla	No residentes en España	Septiembre	2,23
Sevilla	No residentes en España	Octubre	2,21
Sevilla	No residentes en España	Noviembre	2,37
Sevilla	No residentes en España	Diciembre	2,21
Soria	Total	Total	1,9
Soria	Total	Enero	2,07
Soria	Total	Febrero	1,95
Soria	Total	Marzo	2
Soria	Total	Abril	1,9
Soria	Total	Mayo	1,93
Soria	Total	Junio	1,88
Soria	Total	Julio	1,72
Soria	Total	Agosto	1,94
Soria	Total	Septiembre	1,71
Soria	Total	Octubre	1,92
Soria	Total	Noviembre	1,97
Soria	Total	Diciembre	2,07
Soria	Residentes en España	Total	1,92
Soria	Residentes en España	Enero	2,08
Soria	Residentes en España	Febrero	1,97
Soria	Residentes en España	Marzo	1,98
Soria	Residentes en España	Abril	1,93
Soria	Residentes en España	Mayo	1,95
Soria	Residentes en España	Junio	1,84
Soria	Residentes en España	Julio	1,74
Soria	Residentes en España	Agosto	1,97
Soria	Residentes en España	Septiembre	1,71
Soria	Residentes en España	Octubre	1,96
Soria	Residentes en España	Noviembre	1,98
Soria	Residentes en España	Diciembre	2,09
Soria	No residentes en España	Total	1,7
Soria	No residentes en España	Enero	1,88
Soria	No residentes en España	Febrero	1,62
Soria	No residentes en España	Marzo	2,35
Soria	No residentes en España	Abril	1,45
Soria	No residentes en España	Mayo	1,72
Soria	No residentes en España	Junio	2,23
Soria	No residentes en España	Julio	1,59
Soria	No residentes en España	Agosto	1,52
Soria	No residentes en España	Septiembre	1,65
Soria	No residentes en España	Octubre	1,46
Soria	No residentes en España	Noviembre	1,82
Soria	No residentes en España	Diciembre	1,56
Tarragona	Total	Total	3,21
Tarragona	Total	Enero	1,59
Tarragona	Total	Febrero	1,71
Tarragona	Total	Marzo	1,93
Tarragona	Total	Abril	2,49
Tarragona	Total	Mayo	2,77
Tarragona	Total	Junio	3,1
Tarragona	Total	Julio	3,71
Tarragona	Total	Agosto	4,21
Tarragona	Total	Septiembre	3,74
Tarragona	Total	Octubre	2,94
Tarragona	Total	Noviembre	1,73
Tarragona	Total	Diciembre	1,57
Tarragona	Residentes en España	Total	2,53
Tarragona	Residentes en España	Enero	1,57
Tarragona	Residentes en España	Febrero	1,65
Tarragona	Residentes en España	Marzo	1,97
Tarragona	Residentes en España	Abril	2,38
Tarragona	Residentes en España	Mayo	2,22
Tarragona	Residentes en España	Junio	2,45
Tarragona	Residentes en España	Julio	3,04
Tarragona	Residentes en España	Agosto	3,37
Tarragona	Residentes en España	Septiembre	2,62
Tarragona	Residentes en España	Octubre	2,11
Tarragona	Residentes en España	Noviembre	1,59
Tarragona	Residentes en España	Diciembre	1,51
Tarragona	No residentes en España	Total	4,32
Tarragona	No residentes en España	Enero	1,64
Tarragona	No residentes en España	Febrero	1,92
Tarragona	No residentes en España	Marzo	1,81
Tarragona	No residentes en España	Abril	2,76
Tarragona	No residentes en España	Mayo	3,56
Tarragona	No residentes en España	Junio	4,52
Tarragona	No residentes en España	Julio	4,63
Tarragona	No residentes en España	Agosto	5,25
Tarragona	No residentes en España	Septiembre	5,17
Tarragona	No residentes en España	Octubre	4,07
Tarragona	No residentes en España	Noviembre	2,04
Tarragona	No residentes en España	Diciembre	1,82
Teruel	Total	Total	1,92
Teruel	Total	Enero	1,84
Teruel	Total	Febrero	1,82
Teruel	Total	Marzo	1,88
Teruel	Total	Abril	1,97
Teruel	Total	Mayo	1,93
Teruel	Total	Junio	1,8
Teruel	Total	Julio	1,95
Teruel	Total	Agosto	2,02
Teruel	Total	Septiembre	1,89
Teruel	Total	Octubre	1,94
Teruel	Total	Noviembre	1,92
Teruel	Total	Diciembre	1,96
Teruel	Residentes en España	Total	1,91
Teruel	Residentes en España	Enero	1,78
Teruel	Residentes en España	Febrero	1,82
Teruel	Residentes en España	Marzo	1,87
Teruel	Residentes en España	Abril	1,95
Teruel	Residentes en España	Mayo	1,95
Teruel	Residentes en España	Junio	1,79
Teruel	Residentes en España	Julio	1,95
Teruel	Residentes en España	Agosto	2,04
Teruel	Residentes en España	Septiembre	1,87
Teruel	Residentes en España	Octubre	1,93
Teruel	Residentes en España	Noviembre	1,88
Teruel	Residentes en España	Diciembre	1,94
Teruel	No residentes en España	Total	1,99
Teruel	No residentes en España	Enero	2,44
Teruel	No residentes en España	Febrero	1,83
Teruel	No residentes en España	Marzo	2,02
Teruel	No residentes en España	Abril	2,17
Teruel	No residentes en España	Mayo	1,85
Teruel	No residentes en España	Junio	1,85
Teruel	No residentes en España	Julio	1,9
Teruel	No residentes en España	Agosto	1,84
Teruel	No residentes en España	Septiembre	2
Teruel	No residentes en España	Octubre	1,96
Teruel	No residentes en España	Noviembre	2,24
Teruel	No residentes en España	Diciembre	2,17
Toledo	Total	Total	1,66
Toledo	Total	Enero	1,64
Toledo	Total	Febrero	1,65
Toledo	Total	Marzo	1,72
Toledo	Total	Abril	1,71
Toledo	Total	Mayo	1,66
Toledo	Total	Junio	1,61
Toledo	Total	Julio	1,57
Toledo	Total	Agosto	1,65
Toledo	Total	Septiembre	1,66
Toledo	Total	Octubre	1,69
Toledo	Total	Noviembre	1,67
Toledo	Total	Diciembre	1,67
Toledo	Residentes en España	Total	1,59
Toledo	Residentes en España	Enero	1,59
Toledo	Residentes en España	Febrero	1,62
Toledo	Residentes en España	Marzo	1,62
Toledo	Residentes en España	Abril	1,65
Toledo	Residentes en España	Mayo	1,56
Toledo	Residentes en España	Junio	1,55
Toledo	Residentes en España	Julio	1,52
Toledo	Residentes en España	Agosto	1,63
Toledo	Residentes en España	Septiembre	1,6
Toledo	Residentes en España	Octubre	1,6
Toledo	Residentes en España	Noviembre	1,58
Toledo	Residentes en España	Diciembre	1,61
Toledo	No residentes en España	Total	1,89
Toledo	No residentes en España	Enero	1,94
Toledo	No residentes en España	Febrero	1,82
Toledo	No residentes en España	Marzo	2,07
Toledo	No residentes en España	Abril	1,97
Toledo	No residentes en España	Mayo	2,02
Toledo	No residentes en España	Junio	1,83
Toledo	No residentes en España	Julio	1,72
Toledo	No residentes en España	Agosto	1,73
Toledo	No residentes en España	Septiembre	1,87
Toledo	No residentes en España	Octubre	1,98
Toledo	No residentes en España	Noviembre	2
Toledo	No residentes en España	Diciembre	1,87
Valencia/València	Total	Total	2,34
Valencia/València	Total	Enero	1,99
Valencia/València	Total	Febrero	1,95
Valencia/València	Total	Marzo	2,13
Valencia/València	Total	Abril	2,36
Valencia/València	Total	Mayo	2,37
Valencia/València	Total	Junio	2,37
Valencia/València	Total	Julio	2,55
Valencia/València	Total	Agosto	2,8
Valencia/València	Total	Septiembre	2,53
Valencia/València	Total	Octubre	2,2
Valencia/València	Total	Noviembre	2,07
Valencia/València	Total	Diciembre	2,11
Valencia/València	Residentes en España	Total	2,15
Valencia/València	Residentes en España	Enero	1,71
Valencia/València	Residentes en España	Febrero	1,72
Valencia/València	Residentes en España	Marzo	1,9
Valencia/València	Residentes en España	Abril	2,16
Valencia/València	Residentes en España	Mayo	2,14
Valencia/València	Residentes en España	Junio	2,2
Valencia/València	Residentes en España	Julio	2,51
Valencia/València	Residentes en España	Agosto	2,81
Valencia/València	Residentes en España	Septiembre	2,34
Valencia/València	Residentes en España	Octubre	1,93
Valencia/València	Residentes en España	Noviembre	1,86
Valencia/València	Residentes en España	Diciembre	1,83
Valencia/València	No residentes en España	Total	2,62
Valencia/València	No residentes en España	Enero	2,53
Valencia/València	No residentes en España	Febrero	2,41
Valencia/València	No residentes en España	Marzo	2,53
Valencia/València	No residentes en España	Abril	2,67
Valencia/València	No residentes en España	Mayo	2,68
Valencia/València	No residentes en España	Junio	2,65
Valencia/València	No residentes en España	Julio	2,61
Valencia/València	No residentes en España	Agosto	2,79
Valencia/València	No residentes en España	Septiembre	2,78
Valencia/València	No residentes en España	Octubre	2,51
Valencia/València	No residentes en España	Noviembre	2,38
Valencia/València	No residentes en España	Diciembre	2,56
Valladolid	Total	Total	1,67
Valladolid	Total	Enero	1,67
Valladolid	Total	Febrero	1,59
Valladolid	Total	Marzo	1,67
Valladolid	Total	Abril	1,7
Valladolid	Total	Mayo	1,67
Valladolid	Total	Junio	1,69
Valladolid	Total	Julio	1,62
Valladolid	Total	Agosto	1,6
Valladolid	Total	Septiembre	1,69
Valladolid	Total	Octubre	1,7
Valladolid	Total	Noviembre	1,7
Valladolid	Total	Diciembre	1,8
Valladolid	Residentes en España	Total	1,68
Valladolid	Residentes en España	Enero	1,69
Valladolid	Residentes en España	Febrero	1,59
Valladolid	Residentes en España	Marzo	1,64
Valladolid	Residentes en España	Abril	1,69
Valladolid	Residentes en España	Mayo	1,63
Valladolid	Residentes en España	Junio	1,67
Valladolid	Residentes en España	Julio	1,63
Valladolid	Residentes en España	Agosto	1,74
Valladolid	Residentes en España	Septiembre	1,7
Valladolid	Residentes en España	Octubre	1,68
Valladolid	Residentes en España	Noviembre	1,69
Valladolid	Residentes en España	Diciembre	1,82
Valladolid	No residentes en España	Total	1,63
Valladolid	No residentes en España	Enero	1,53
Valladolid	No residentes en España	Febrero	1,63
Valladolid	No residentes en España	Marzo	1,83
Valladolid	No residentes en España	Abril	1,76
Valladolid	No residentes en España	Mayo	1,85
Valladolid	No residentes en España	Junio	1,81
Valladolid	No residentes en España	Julio	1,58
Valladolid	No residentes en España	Agosto	1,31
Valladolid	No residentes en España	Septiembre	1,64
Valladolid	No residentes en España	Octubre	1,79
Valladolid	No residentes en España	Noviembre	1,77
Valladolid	No residentes en España	Diciembre	1,63
Zamora	Total	Total	1,64
Zamora	Total	Enero	1,56
Zamora	Total	Febrero	1,63
Zamora	Total	Marzo	1,68
Zamora	Total	Abril	1,73
Zamora	Total	Mayo	1,64
Zamora	Total	Junio	1,67
Zamora	Total	Julio	1,65
Zamora	Total	Agosto	1,65
Zamora	Total	Septiembre	1,64
Zamora	Total	Octubre	1,62
Zamora	Total	Noviembre	1,63
Zamora	Total	Diciembre	1,54
Zamora	Residentes en España	Total	1,66
Zamora	Residentes en España	Enero	1,58
Zamora	Residentes en España	Febrero	1,65
Zamora	Residentes en España	Marzo	1,71
Zamora	Residentes en España	Abril	1,78
Zamora	Residentes en España	Mayo	1,67
Zamora	Residentes en España	Junio	1,68
Zamora	Residentes en España	Julio	1,66
Zamora	Residentes en España	Agosto	1,65
Zamora	Residentes en España	Septiembre	1,63
Zamora	Residentes en España	Octubre	1,64
Zamora	Residentes en España	Noviembre	1,63
Zamora	Residentes en España	Diciembre	1,55
Zamora	No residentes en España	Total	1,55
Zamora	No residentes en España	Enero	1,28
Zamora	No residentes en España	Febrero	1,27
Zamora	No residentes en España	Marzo	1,34
Zamora	No residentes en España	Abril	1,29
Zamora	No residentes en España	Mayo	1,54
Zamora	No residentes en España	Junio	1,56
Zamora	No residentes en España	Julio	1,59
Zamora	No residentes en España	Agosto	1,7
Zamora	No residentes en España	Septiembre	1,76
Zamora	No residentes en España	Octubre	1,47
Zamora	No residentes en España	Noviembre	1,63
Zamora	No residentes en España	Diciembre	1,41
Zaragoza	Total	Total	1,82
Zaragoza	Total	Enero	1,74
Zaragoza	Total	Febrero	1,72
Zaragoza	Total	Marzo	1,89
Zaragoza	Total	Abril	1,87
Zaragoza	Total	Mayo	1,88
Zaragoza	Total	Junio	1,81
Zaragoza	Total	Julio	1,81
Zaragoza	Total	Agosto	1,74
Zaragoza	Total	Septiembre	1,86
Zaragoza	Total	Octubre	1,89
Zaragoza	Total	Noviembre	1,86
Zaragoza	Total	Diciembre	1,72
Zaragoza	Residentes en España	Total	1,77
Zaragoza	Residentes en España	Enero	1,72
Zaragoza	Residentes en España	Febrero	1,67
Zaragoza	Residentes en España	Marzo	1,81
Zaragoza	Residentes en España	Abril	1,8
Zaragoza	Residentes en España	Mayo	1,81
Zaragoza	Residentes en España	Junio	1,76
Zaragoza	Residentes en España	Julio	1,78
Zaragoza	Residentes en España	Agosto	1,73
Zaragoza	Residentes en España	Septiembre	1,81
Zaragoza	Residentes en España	Octubre	1,85
Zaragoza	Residentes en España	Noviembre	1,8
Zaragoza	Residentes en España	Diciembre	1,68
Zaragoza	No residentes en España	Total	1,98
Zaragoza	No residentes en España	Enero	1,84
Zaragoza	No residentes en España	Febrero	1,91
Zaragoza	No residentes en España	Marzo	2,24
Zaragoza	No residentes en España	Abril	2,16
Zaragoza	No residentes en España	Mayo	2,08
Zaragoza	No residentes en España	Junio	2
Zaragoza	No residentes en España	Julio	1,88
Zaragoza	No residentes en España	Agosto	1,75
Zaragoza	No residentes en España	Septiembre	1,98
Zaragoza	No residentes en España	Octubre	2,02
Zaragoza	No residentes en España	Noviembre	2,14
Zaragoza	No residentes en España	Diciembre	1,93
Ceuta	Total	Total	2,22
Ceuta	Total	Enero	2,44
Ceuta	Total	Febrero	2,17
Ceuta	Total	Marzo	2,47
Ceuta	Total	Abril	2,29
Ceuta	Total	Mayo	2,44
Ceuta	Total	Junio	2,3
Ceuta	Total	Julio	2,22
Ceuta	Total	Agosto	2,22
Ceuta	Total	Septiembre	2,27
Ceuta	Total	Octubre	2,15
Ceuta	Total	Noviembre	1,99
Ceuta	Total	Diciembre	1,97
Ceuta	Residentes en España	Total	2,25
Ceuta	Residentes en España	Enero	2,5
Ceuta	Residentes en España	Febrero	2,24
Ceuta	Residentes en España	Marzo	2,42
Ceuta	Residentes en España	Abril	2,29
Ceuta	Residentes en España	Mayo	2,39
Ceuta	Residentes en España	Junio	2,26
Ceuta	Residentes en España	Julio	2,16
Ceuta	Residentes en España	Agosto	2,27
Ceuta	Residentes en España	Septiembre	2,38
Ceuta	Residentes en España	Octubre	2,18
Ceuta	Residentes en España	Noviembre	2,04
Ceuta	Residentes en España	Diciembre	2,04
Ceuta	No residentes en España	Total	2,14
Ceuta	No residentes en España	Enero	1,51
Ceuta	No residentes en España	Febrero	1,32
Ceuta	No residentes en España	Marzo	3,23
Ceuta	No residentes en España	Abril	2,29
Ceuta	No residentes en España	Mayo	2,75
Ceuta	No residentes en España	Junio	2,46
Ceuta	No residentes en España	Julio	2,39
Ceuta	No residentes en España	Agosto	2,11
Ceuta	No residentes en España	Septiembre	1,97
Ceuta	No residentes en España	Octubre	2,06
Ceuta	No residentes en España	Noviembre	1,85
Ceuta	No residentes en España	Diciembre	1,8
Melilla	Total	Total	2,27
Melilla	Total	Enero	2,38
Melilla	Total	Febrero	2,33
Melilla	Total	Marzo	2,44
Melilla	Total	Abril	2,47
Melilla	Total	Mayo	2,17
Melilla	Total	Junio	2,29
Melilla	Total	Julio	2,23
Melilla	Total	Agosto	2,23
Melilla	Total	Septiembre	2,17
Melilla	Total	Octubre	2,32
Melilla	Total	Noviembre	2,19
Melilla	Total	Diciembre	2,16
Melilla	Residentes en España	Total	2,41
Melilla	Residentes en España	Enero	2,43
Melilla	Residentes en España	Febrero	2,39
Melilla	Residentes en España	Marzo	2,57
Melilla	Residentes en España	Abril	2,44
Melilla	Residentes en España	Mayo	2,23
Melilla	Residentes en España	Junio	2,41
Melilla	Residentes en España	Julio	2,55
Melilla	Residentes en España	Agosto	2,83
Melilla	Residentes en España	Septiembre	2,23
Melilla	Residentes en España	Octubre	2,45
Melilla	Residentes en España	Noviembre	2,28
Melilla	Residentes en España	Diciembre	2,3
Melilla	No residentes en España	Total	1,76
Melilla	No residentes en España	Enero	2,04
Melilla	No residentes en España	Febrero	1,86
Melilla	No residentes en España	Marzo	1,87
Melilla	No residentes en España	Abril	2,63
Melilla	No residentes en España	Mayo	1,96
Melilla	No residentes en España	Junio	1,6
Melilla	No residentes en España	Julio	1,78
Melilla	No residentes en España	Agosto	1,49
Melilla	No residentes en España	Septiembre	1,89
Melilla	No residentes en España	Octubre	1,77
Melilla	No residentes en España	Noviembre	1,71
Melilla	No residentes en España	Diciembre	1,55
