Tipo de destino	Concepto turístico	Tipo de dato	Periodo	Total
Total	Viajes	Valor absoluto	2023	185.895.163
Total	Viajes	Valor absoluto	2022	171.388.138
Total	Viajes	Valor absoluto	2021	142.893.461
Total	Viajes	Valor absoluto	2020	101.523.862
Total	Viajes	Valor absoluto	2019	193.874.716
Total	Viajes	Valor absoluto	2018	196.079.470
Total	Viajes	Valor absoluto	2017	193.689.289
Total	Viajes	Valor absoluto	2016	181.950.842
Total	Viajes	Valor absoluto	2015	175.470.741
Total	Viajes	Distribución porcentual	2023	100
Total	Viajes	Distribución porcentual	2022	100
Total	Viajes	Distribución porcentual	2021	100
Total	Viajes	Distribución porcentual	2020	100
Total	Viajes	Distribución porcentual	2019	100
Total	Viajes	Distribución porcentual	2018	100
Total	Viajes	Distribución porcentual	2017	100
Total	Viajes	Distribución porcentual	2016	100
Total	Viajes	Distribución porcentual	2015	100
Total	Viajes	Variación anual	2023	8,46
Total	Viajes	Variación anual	2022	19,94
Total	Viajes	Variación anual	2021	40,75
Total	Viajes	Variación anual	2020	-47,63
Total	Viajes	Variación anual	2019	-1,12
Total	Viajes	Variación anual	2018	1,23
Total	Viajes	Variación anual	2017	6,45
Total	Viajes	Variación anual	2016	3,69
Total	Viajes	Variación anual	2015	""
Total	Duración media de los viajes	Valor absoluto	2023	4,31
Total	Duración media de los viajes	Valor absoluto	2022	4,35
Total	Duración media de los viajes	Valor absoluto	2021	4,38
Total	Duración media de los viajes	Valor absoluto	2020	4,86
Total	Duración media de los viajes	Valor absoluto	2019	4,09
Total	Duración media de los viajes	Valor absoluto	2018	4,06
Total	Duración media de los viajes	Valor absoluto	2017	4,14
Total	Duración media de los viajes	Valor absoluto	2016	4,29
Total	Duración media de los viajes	Valor absoluto	2015	4,27
Total	Duración media de los viajes	Distribución porcentual	2023	""
Total	Duración media de los viajes	Distribución porcentual	2022	""
Total	Duración media de los viajes	Distribución porcentual	2021	""
Total	Duración media de los viajes	Distribución porcentual	2020	""
Total	Duración media de los viajes	Distribución porcentual	2019	""
Total	Duración media de los viajes	Distribución porcentual	2018	""
Total	Duración media de los viajes	Distribución porcentual	2017	""
Total	Duración media de los viajes	Distribución porcentual	2016	""
Total	Duración media de los viajes	Distribución porcentual	2015	""
Total	Duración media de los viajes	Variación anual	2023	-0,85
Total	Duración media de los viajes	Variación anual	2022	-0,69
Total	Duración media de los viajes	Variación anual	2021	-9,83
Total	Duración media de los viajes	Variación anual	2020	18,68
Total	Duración media de los viajes	Variación anual	2019	0,85
Total	Duración media de los viajes	Variación anual	2018	-1,93
Total	Duración media de los viajes	Variación anual	2017	-3,46
Total	Duración media de los viajes	Variación anual	2016	0,38
Total	Duración media de los viajes	Variación anual	2015	""
Total	Pernoctaciones	Valor absoluto	2023	802.083.174
Total	Pernoctaciones	Valor absoluto	2022	745.821.861
Total	Pernoctaciones	Valor absoluto	2021	626.172.389
Total	Pernoctaciones	Valor absoluto	2020	493.409.224
Total	Pernoctaciones	Valor absoluto	2019	793.908.137
Total	Pernoctaciones	Valor absoluto	2018	796.139.237
Total	Pernoctaciones	Valor absoluto	2017	801.948.843
Total	Pernoctaciones	Valor absoluto	2016	780.324.511
Total	Pernoctaciones	Valor absoluto	2015	749.670.798
Total	Pernoctaciones	Distribución porcentual	2023	100
Total	Pernoctaciones	Distribución porcentual	2022	100
Total	Pernoctaciones	Distribución porcentual	2021	100
Total	Pernoctaciones	Distribución porcentual	2020	100
Total	Pernoctaciones	Distribución porcentual	2019	100
Total	Pernoctaciones	Distribución porcentual	2018	100
Total	Pernoctaciones	Distribución porcentual	2017	100
Total	Pernoctaciones	Distribución porcentual	2016	100
Total	Pernoctaciones	Distribución porcentual	2015	100
Total	Pernoctaciones	Variación anual	2023	7,54
Total	Pernoctaciones	Variación anual	2022	19,11
Total	Pernoctaciones	Variación anual	2021	26,91
Total	Pernoctaciones	Variación anual	2020	-37,85
Total	Pernoctaciones	Variación anual	2019	-0,28
Total	Pernoctaciones	Variación anual	2018	-0,72
Total	Pernoctaciones	Variación anual	2017	2,77
Total	Pernoctaciones	Variación anual	2016	4,09
Total	Pernoctaciones	Variación anual	2015	""
Total	Gasto total	Valor absoluto	2023	58.750.025,65
Total	Gasto total	Valor absoluto	2022	50.292.009,69
Total	Gasto total	Valor absoluto	2021	32.520.685,15
Total	Gasto total	Valor absoluto	2020	21.135.056,78
Total	Gasto total	Valor absoluto	2019	48.065.843,7
Total	Gasto total	Valor absoluto	2018	46.942.957,6
Total	Gasto total	Valor absoluto	2017	44.232.732,05
Total	Gasto total	Valor absoluto	2016	41.388.181,34
Total	Gasto total	Valor absoluto	2015	37.953.241,02
Total	Gasto total	Distribución porcentual	2023	100
Total	Gasto total	Distribución porcentual	2022	100
Total	Gasto total	Distribución porcentual	2021	100
Total	Gasto total	Distribución porcentual	2020	100
Total	Gasto total	Distribución porcentual	2019	100
Total	Gasto total	Distribución porcentual	2018	100
Total	Gasto total	Distribución porcentual	2017	100
Total	Gasto total	Distribución porcentual	2016	100
Total	Gasto total	Distribución porcentual	2015	100
Total	Gasto total	Variación anual	2023	16,82
Total	Gasto total	Variación anual	2022	54,65
Total	Gasto total	Variación anual	2021	53,87
Total	Gasto total	Variación anual	2020	-56,03
Total	Gasto total	Variación anual	2019	2,39
Total	Gasto total	Variación anual	2018	6,13
Total	Gasto total	Variación anual	2017	6,87
Total	Gasto total	Variación anual	2016	9,05
Total	Gasto total	Variación anual	2015	""
Total	Gasto medio por persona	Valor absoluto	2023	316,04
Total	Gasto medio por persona	Valor absoluto	2022	293,44
Total	Gasto medio por persona	Valor absoluto	2021	227,59
Total	Gasto medio por persona	Valor absoluto	2020	208,18
Total	Gasto medio por persona	Valor absoluto	2019	247,92
Total	Gasto medio por persona	Valor absoluto	2018	239,41
Total	Gasto medio por persona	Valor absoluto	2017	228,37
Total	Gasto medio por persona	Valor absoluto	2016	227,47
Total	Gasto medio por persona	Valor absoluto	2015	216,29
Total	Gasto medio por persona	Distribución porcentual	2023	""
Total	Gasto medio por persona	Distribución porcentual	2022	""
Total	Gasto medio por persona	Distribución porcentual	2021	""
Total	Gasto medio por persona	Distribución porcentual	2020	""
Total	Gasto medio por persona	Distribución porcentual	2019	""
Total	Gasto medio por persona	Distribución porcentual	2018	""
Total	Gasto medio por persona	Distribución porcentual	2017	""
Total	Gasto medio por persona	Distribución porcentual	2016	""
Total	Gasto medio por persona	Distribución porcentual	2015	""
Total	Gasto medio por persona	Variación anual	2023	7,7
Total	Gasto medio por persona	Variación anual	2022	28,94
Total	Gasto medio por persona	Variación anual	2021	9,32
Total	Gasto medio por persona	Variación anual	2020	-16,03
Total	Gasto medio por persona	Variación anual	2019	3,56
Total	Gasto medio por persona	Variación anual	2018	4,83
Total	Gasto medio por persona	Variación anual	2017	0,4
Total	Gasto medio por persona	Variación anual	2016	5,17
Total	Gasto medio por persona	Variación anual	2015	""
Total	Gasto medio diario por persona	Valor absoluto	2023	73,25
Total	Gasto medio diario por persona	Valor absoluto	2022	67,43
Total	Gasto medio diario por persona	Valor absoluto	2021	51,94
Total	Gasto medio diario por persona	Valor absoluto	2020	42,83
Total	Gasto medio diario por persona	Valor absoluto	2019	60,54
Total	Gasto medio diario por persona	Valor absoluto	2018	58,96
Total	Gasto medio diario por persona	Valor absoluto	2017	55,16
Total	Gasto medio diario por persona	Valor absoluto	2016	53,04
Total	Gasto medio diario por persona	Valor absoluto	2015	50,63
Total	Gasto medio diario por persona	Distribución porcentual	2023	""
Total	Gasto medio diario por persona	Distribución porcentual	2022	""
Total	Gasto medio diario por persona	Distribución porcentual	2021	""
Total	Gasto medio diario por persona	Distribución porcentual	2020	""
Total	Gasto medio diario por persona	Distribución porcentual	2019	""
Total	Gasto medio diario por persona	Distribución porcentual	2018	""
Total	Gasto medio diario por persona	Distribución porcentual	2017	""
Total	Gasto medio diario por persona	Distribución porcentual	2016	""
Total	Gasto medio diario por persona	Distribución porcentual	2015	""
Total	Gasto medio diario por persona	Variación anual	2023	8,62
Total	Gasto medio diario por persona	Variación anual	2022	29,84
Total	Gasto medio diario por persona	Variación anual	2021	21,25
Total	Gasto medio diario por persona	Variación anual	2020	-29,25
Total	Gasto medio diario por persona	Variación anual	2019	2,68
Total	Gasto medio diario por persona	Variación anual	2018	6,9
Total	Gasto medio diario por persona	Variación anual	2017	3,99
Total	Gasto medio diario por persona	Variación anual	2016	4,77
Total	Gasto medio diario por persona	Variación anual	2015	""
Extranjero	Viajes	Valor absoluto	2023	19.290.525
Extranjero	Viajes	Valor absoluto	2022	16.135.111
Extranjero	Viajes	Valor absoluto	2021	7.205.752
Extranjero	Viajes	Valor absoluto	2020	5.074.468
Extranjero	Viajes	Valor absoluto	2019	20.119.745
Extranjero	Viajes	Valor absoluto	2018	19.307.118
Extranjero	Viajes	Valor absoluto	2017	17.289.487
Extranjero	Viajes	Valor absoluto	2016	15.732.052
Extranjero	Viajes	Valor absoluto	2015	15.139.656
Extranjero	Viajes	Distribución porcentual	2023	10,4
Extranjero	Viajes	Distribución porcentual	2022	9,4
Extranjero	Viajes	Distribución porcentual	2021	5
Extranjero	Viajes	Distribución porcentual	2020	5
Extranjero	Viajes	Distribución porcentual	2019	10,4
Extranjero	Viajes	Distribución porcentual	2018	9,8
Extranjero	Viajes	Distribución porcentual	2017	8,9
Extranjero	Viajes	Distribución porcentual	2016	8,6
Extranjero	Viajes	Distribución porcentual	2015	8,6
Extranjero	Viajes	Variación anual	2023	19,56
Extranjero	Viajes	Variación anual	2022	123,92
Extranjero	Viajes	Variación anual	2021	42
Extranjero	Viajes	Variación anual	2020	-74,78
Extranjero	Viajes	Variación anual	2019	4,21
Extranjero	Viajes	Variación anual	2018	11,67
Extranjero	Viajes	Variación anual	2017	9,9
Extranjero	Viajes	Variación anual	2016	3,91
Extranjero	Viajes	Variación anual	2015	""
Extranjero	Duración media de los viajes	Valor absoluto	2023	8,21
Extranjero	Duración media de los viajes	Valor absoluto	2022	8,53
Extranjero	Duración media de los viajes	Valor absoluto	2021	9,56
Extranjero	Duración media de los viajes	Valor absoluto	2020	8,42
Extranjero	Duración media de los viajes	Valor absoluto	2019	7,18
Extranjero	Duración media de los viajes	Valor absoluto	2018	7,86
Extranjero	Duración media de los viajes	Valor absoluto	2017	8,16
Extranjero	Duración media de los viajes	Valor absoluto	2016	8,73
Extranjero	Duración media de los viajes	Valor absoluto	2015	8,8
Extranjero	Duración media de los viajes	Distribución porcentual	2023	""
Extranjero	Duración media de los viajes	Distribución porcentual	2022	""
Extranjero	Duración media de los viajes	Distribución porcentual	2021	""
Extranjero	Duración media de los viajes	Distribución porcentual	2020	""
Extranjero	Duración media de los viajes	Distribución porcentual	2019	""
Extranjero	Duración media de los viajes	Distribución porcentual	2018	""
Extranjero	Duración media de los viajes	Distribución porcentual	2017	""
Extranjero	Duración media de los viajes	Distribución porcentual	2016	""
Extranjero	Duración media de los viajes	Distribución porcentual	2015	""
Extranjero	Duración media de los viajes	Variación anual	2023	-3,67
Extranjero	Duración media de los viajes	Variación anual	2022	-10,81
Extranjero	Duración media de los viajes	Variación anual	2021	13,57
Extranjero	Duración media de los viajes	Variación anual	2020	17,31
Extranjero	Duración media de los viajes	Variación anual	2019	-8,71
Extranjero	Duración media de los viajes	Variación anual	2018	-3,71
Extranjero	Duración media de los viajes	Variación anual	2017	-6,44
Extranjero	Duración media de los viajes	Variación anual	2016	-0,79
Extranjero	Duración media de los viajes	Variación anual	2015	""
Extranjero	Pernoctaciones	Valor absoluto	2023	158.454.126
Extranjero	Pernoctaciones	Valor absoluto	2022	137.586.355
Extranjero	Pernoctaciones	Valor absoluto	2021	68.893.926
Extranjero	Pernoctaciones	Valor absoluto	2020	42.719.916
Extranjero	Pernoctaciones	Valor absoluto	2019	144.391.738
Extranjero	Pernoctaciones	Valor absoluto	2018	151.773.267
Extranjero	Pernoctaciones	Valor absoluto	2017	141.154.479
Extranjero	Pernoctaciones	Valor absoluto	2016	137.274.029
Extranjero	Pernoctaciones	Valor absoluto	2015	133.154.880
Extranjero	Pernoctaciones	Distribución porcentual	2023	19,8
Extranjero	Pernoctaciones	Distribución porcentual	2022	18,4
Extranjero	Pernoctaciones	Distribución porcentual	2021	11
Extranjero	Pernoctaciones	Distribución porcentual	2020	8,7
Extranjero	Pernoctaciones	Distribución porcentual	2019	18,2
Extranjero	Pernoctaciones	Distribución porcentual	2018	19,1
Extranjero	Pernoctaciones	Distribución porcentual	2017	17,6
Extranjero	Pernoctaciones	Distribución porcentual	2016	17,6
Extranjero	Pernoctaciones	Distribución porcentual	2015	17,8
Extranjero	Pernoctaciones	Variación anual	2023	15,17
Extranjero	Pernoctaciones	Variación anual	2022	99,71
Extranjero	Pernoctaciones	Variación anual	2021	61,27
Extranjero	Pernoctaciones	Variación anual	2020	-70,41
Extranjero	Pernoctaciones	Variación anual	2019	-4,86
Extranjero	Pernoctaciones	Variación anual	2018	7,52
Extranjero	Pernoctaciones	Variación anual	2017	2,83
Extranjero	Pernoctaciones	Variación anual	2016	3,09
Extranjero	Pernoctaciones	Variación anual	2015	""
Extranjero	Gasto total	Valor absoluto	2023	19.051.663,09
Extranjero	Gasto total	Valor absoluto	2022	14.860.148,62
Extranjero	Gasto total	Valor absoluto	2021	5.411.731,29
Extranjero	Gasto total	Valor absoluto	2020	3.576.611,44
Extranjero	Gasto total	Valor absoluto	2019	16.051.837,51
Extranjero	Gasto total	Valor absoluto	2018	16.081.752,6
Extranjero	Gasto total	Valor absoluto	2017	14.275.284,89
Extranjero	Gasto total	Valor absoluto	2016	13.233.735,91
Extranjero	Gasto total	Valor absoluto	2015	11.931.422,85
Extranjero	Gasto total	Distribución porcentual	2023	32,4
Extranjero	Gasto total	Distribución porcentual	2022	29,5
Extranjero	Gasto total	Distribución porcentual	2021	16,6
Extranjero	Gasto total	Distribución porcentual	2020	16,9
Extranjero	Gasto total	Distribución porcentual	2019	33,4
Extranjero	Gasto total	Distribución porcentual	2018	34,3
Extranjero	Gasto total	Distribución porcentual	2017	32,3
Extranjero	Gasto total	Distribución porcentual	2016	32
Extranjero	Gasto total	Distribución porcentual	2015	31,4
Extranjero	Gasto total	Variación anual	2023	28,21
Extranjero	Gasto total	Variación anual	2022	174,59
Extranjero	Gasto total	Variación anual	2021	51,31
Extranjero	Gasto total	Variación anual	2020	-77,72
Extranjero	Gasto total	Variación anual	2019	-0,19
Extranjero	Gasto total	Variación anual	2018	12,65
Extranjero	Gasto total	Variación anual	2017	7,87
Extranjero	Gasto total	Variación anual	2016	10,91
Extranjero	Gasto total	Variación anual	2015	""
Extranjero	Gasto medio por persona	Valor absoluto	2023	987,62
Extranjero	Gasto medio por persona	Valor absoluto	2022	920,98
Extranjero	Gasto medio por persona	Valor absoluto	2021	751,03
Extranjero	Gasto medio por persona	Valor absoluto	2020	704,82
Extranjero	Gasto medio por persona	Valor absoluto	2019	797,82
Extranjero	Gasto medio por persona	Valor absoluto	2018	832,94
Extranjero	Gasto medio por persona	Valor absoluto	2017	825,66
Extranjero	Gasto medio por persona	Valor absoluto	2016	841,2
Extranjero	Gasto medio por persona	Valor absoluto	2015	788,09
Extranjero	Gasto medio por persona	Distribución porcentual	2023	""
Extranjero	Gasto medio por persona	Distribución porcentual	2022	""
Extranjero	Gasto medio por persona	Distribución porcentual	2021	""
Extranjero	Gasto medio por persona	Distribución porcentual	2020	""
Extranjero	Gasto medio por persona	Distribución porcentual	2019	""
Extranjero	Gasto medio por persona	Distribución porcentual	2018	""
Extranjero	Gasto medio por persona	Distribución porcentual	2017	""
Extranjero	Gasto medio por persona	Distribución porcentual	2016	""
Extranjero	Gasto medio por persona	Distribución porcentual	2015	""
Extranjero	Gasto medio por persona	Variación anual	2023	7,24
Extranjero	Gasto medio por persona	Variación anual	2022	22,63
Extranjero	Gasto medio por persona	Variación anual	2021	6,56
Extranjero	Gasto medio por persona	Variación anual	2020	-11,66
Extranjero	Gasto medio por persona	Variación anual	2019	-4,22
Extranjero	Gasto medio por persona	Variación anual	2018	0,88
Extranjero	Gasto medio por persona	Variación anual	2017	-1,85
Extranjero	Gasto medio por persona	Variación anual	2016	6,74
Extranjero	Gasto medio por persona	Variación anual	2015	""
Extranjero	Gasto medio diario por persona	Valor absoluto	2023	120,23
Extranjero	Gasto medio diario por persona	Valor absoluto	2022	108,01
Extranjero	Gasto medio diario por persona	Valor absoluto	2021	78,55
Extranjero	Gasto medio diario por persona	Valor absoluto	2020	83,72
Extranjero	Gasto medio diario por persona	Valor absoluto	2019	111,17
Extranjero	Gasto medio diario por persona	Valor absoluto	2018	105,96
Extranjero	Gasto medio diario por persona	Valor absoluto	2017	101,13
Extranjero	Gasto medio diario por persona	Valor absoluto	2016	96,4
Extranjero	Gasto medio diario por persona	Valor absoluto	2015	89,61
Extranjero	Gasto medio diario por persona	Distribución porcentual	2023	""
Extranjero	Gasto medio diario por persona	Distribución porcentual	2022	""
Extranjero	Gasto medio diario por persona	Distribución porcentual	2021	""
Extranjero	Gasto medio diario por persona	Distribución porcentual	2020	""
Extranjero	Gasto medio diario por persona	Distribución porcentual	2019	""
Extranjero	Gasto medio diario por persona	Distribución porcentual	2018	""
Extranjero	Gasto medio diario por persona	Distribución porcentual	2017	""
Extranjero	Gasto medio diario por persona	Distribución porcentual	2016	""
Extranjero	Gasto medio diario por persona	Distribución porcentual	2015	""
Extranjero	Gasto medio diario por persona	Variación anual	2023	11,32
Extranjero	Gasto medio diario por persona	Variación anual	2022	37,5
Extranjero	Gasto medio diario por persona	Variación anual	2021	-6,18
Extranjero	Gasto medio diario por persona	Variación anual	2020	-24,69
Extranjero	Gasto medio diario por persona	Variación anual	2019	4,92
Extranjero	Gasto medio diario por persona	Variación anual	2018	4,77
Extranjero	Gasto medio diario por persona	Variación anual	2017	4,9
Extranjero	Gasto medio diario por persona	Variación anual	2016	7,59
Extranjero	Gasto medio diario por persona	Variación anual	2015	""
España	Viajes	Valor absoluto	2023	166.604.638
España	Viajes	Valor absoluto	2022	155.253.027
España	Viajes	Valor absoluto	2021	135.687.709
España	Viajes	Valor absoluto	2020	96.449.394
España	Viajes	Valor absoluto	2019	173.754.971
España	Viajes	Valor absoluto	2018	176.772.352
España	Viajes	Valor absoluto	2017	176.399.801
España	Viajes	Valor absoluto	2016	166.218.791
España	Viajes	Valor absoluto	2015	160.331.085
España	Viajes	Distribución porcentual	2023	89,6
España	Viajes	Distribución porcentual	2022	90,6
España	Viajes	Distribución porcentual	2021	95
España	Viajes	Distribución porcentual	2020	95
España	Viajes	Distribución porcentual	2019	89,6
España	Viajes	Distribución porcentual	2018	90,2
España	Viajes	Distribución porcentual	2017	91,1
España	Viajes	Distribución porcentual	2016	91,4
España	Viajes	Distribución porcentual	2015	91,4
España	Viajes	Variación anual	2023	7,31
España	Viajes	Variación anual	2022	14,42
España	Viajes	Variación anual	2021	40,68
España	Viajes	Variación anual	2020	-44,49
España	Viajes	Variación anual	2019	-1,71
España	Viajes	Variación anual	2018	0,21
España	Viajes	Variación anual	2017	6,13
España	Viajes	Variación anual	2016	3,67
España	Viajes	Variación anual	2015	""
España	Duración media de los viajes	Valor absoluto	2023	3,86
España	Duración media de los viajes	Valor absoluto	2022	3,92
España	Duración media de los viajes	Valor absoluto	2021	4,11
España	Duración media de los viajes	Valor absoluto	2020	4,67
España	Duración media de los viajes	Valor absoluto	2019	3,74
España	Duración media de los viajes	Valor absoluto	2018	3,65
España	Duración media de los viajes	Valor absoluto	2017	3,75
España	Duración media de los viajes	Valor absoluto	2016	3,87
España	Duración media de los viajes	Valor absoluto	2015	3,85
España	Duración media de los viajes	Distribución porcentual	2023	""
España	Duración media de los viajes	Distribución porcentual	2022	""
España	Duración media de los viajes	Distribución porcentual	2021	""
España	Duración media de los viajes	Distribución porcentual	2020	""
España	Duración media de los viajes	Distribución porcentual	2019	""
España	Duración media de los viajes	Distribución porcentual	2018	""
España	Duración media de los viajes	Distribución porcentual	2017	""
España	Duración media de los viajes	Distribución porcentual	2016	""
España	Duración media de los viajes	Distribución porcentual	2015	""
España	Duración media de los viajes	Variación anual	2023	-1,39
España	Duración media de los viajes	Variación anual	2022	-4,61
España	Duración media de los viajes	Variación anual	2021	-12,11
España	Duración media de los viajes	Variación anual	2020	25
España	Duración media de los viajes	Variación anual	2019	2,55
España	Duración media de los viajes	Variación anual	2018	-2,69
España	Duración media de los viajes	Variación anual	2017	-3,17
España	Duración media de los viajes	Variación anual	2016	0,61
España	Duración media de los viajes	Variación anual	2015	""
España	Pernoctaciones	Valor absoluto	2023	643.629.048
España	Pernoctaciones	Valor absoluto	2022	608.235.505
España	Pernoctaciones	Valor absoluto	2021	557.278.462
España	Pernoctaciones	Valor absoluto	2020	450.689.308
España	Pernoctaciones	Valor absoluto	2019	649.516.399
España	Pernoctaciones	Valor absoluto	2018	644.365.970
España	Pernoctaciones	Valor absoluto	2017	660.794.364
España	Pernoctaciones	Valor absoluto	2016	643.050.482
España	Pernoctaciones	Valor absoluto	2015	616.515.918
España	Pernoctaciones	Distribución porcentual	2023	80,2
España	Pernoctaciones	Distribución porcentual	2022	81,6
España	Pernoctaciones	Distribución porcentual	2021	89
España	Pernoctaciones	Distribución porcentual	2020	91,3
España	Pernoctaciones	Distribución porcentual	2019	81,8
España	Pernoctaciones	Distribución porcentual	2018	80,9
España	Pernoctaciones	Distribución porcentual	2017	82,4
España	Pernoctaciones	Distribución porcentual	2016	82,4
España	Pernoctaciones	Distribución porcentual	2015	82,2
España	Pernoctaciones	Variación anual	2023	5,82
España	Pernoctaciones	Variación anual	2022	9,14
España	Pernoctaciones	Variación anual	2021	23,65
España	Pernoctaciones	Variación anual	2020	-30,61
España	Pernoctaciones	Variación anual	2019	0,8
España	Pernoctaciones	Variación anual	2018	-2,49
España	Pernoctaciones	Variación anual	2017	2,76
España	Pernoctaciones	Variación anual	2016	4,3
España	Pernoctaciones	Variación anual	2015	""
España	Gasto total	Valor absoluto	2023	39.698.362,56
España	Gasto total	Valor absoluto	2022	35.431.861,07
España	Gasto total	Valor absoluto	2021	27.108.953,86
España	Gasto total	Valor absoluto	2020	17.558.445,34
España	Gasto total	Valor absoluto	2019	32.014.006,19
España	Gasto total	Valor absoluto	2018	30.861.205
España	Gasto total	Valor absoluto	2017	29.957.447,16
España	Gasto total	Valor absoluto	2016	28.154.445,43
España	Gasto total	Valor absoluto	2015	26.021.818,17
España	Gasto total	Distribución porcentual	2023	67,6
España	Gasto total	Distribución porcentual	2022	70,5
España	Gasto total	Distribución porcentual	2021	83,4
España	Gasto total	Distribución porcentual	2020	83,1
España	Gasto total	Distribución porcentual	2019	66,6
España	Gasto total	Distribución porcentual	2018	65,7
España	Gasto total	Distribución porcentual	2017	67,7
España	Gasto total	Distribución porcentual	2016	68
España	Gasto total	Distribución porcentual	2015	68,6
España	Gasto total	Variación anual	2023	12,04
España	Gasto total	Variación anual	2022	30,7
España	Gasto total	Variación anual	2021	54,39
España	Gasto total	Variación anual	2020	-45,15
España	Gasto total	Variación anual	2019	3,74
España	Gasto total	Variación anual	2018	3,02
España	Gasto total	Variación anual	2017	6,4
España	Gasto total	Variación anual	2016	8,2
España	Gasto total	Variación anual	2015	""
España	Gasto medio por persona	Valor absoluto	2023	238,28
España	Gasto medio por persona	Valor absoluto	2022	228,22
España	Gasto medio por persona	Valor absoluto	2021	199,79
España	Gasto medio por persona	Valor absoluto	2020	182,05
España	Gasto medio por persona	Valor absoluto	2019	184,25
España	Gasto medio por persona	Valor absoluto	2018	174,58
España	Gasto medio por persona	Valor absoluto	2017	169,83
España	Gasto medio por persona	Valor absoluto	2016	169,38
España	Gasto medio por persona	Valor absoluto	2015	162,3
España	Gasto medio por persona	Distribución porcentual	2023	""
España	Gasto medio por persona	Distribución porcentual	2022	""
España	Gasto medio por persona	Distribución porcentual	2021	""
España	Gasto medio por persona	Distribución porcentual	2020	""
España	Gasto medio por persona	Distribución porcentual	2019	""
España	Gasto medio por persona	Distribución porcentual	2018	""
España	Gasto medio por persona	Distribución porcentual	2017	""
España	Gasto medio por persona	Distribución porcentual	2016	""
España	Gasto medio por persona	Distribución porcentual	2015	""
España	Gasto medio por persona	Variación anual	2023	4,41
España	Gasto medio por persona	Variación anual	2022	14,23
España	Gasto medio por persona	Variación anual	2021	9,75
España	Gasto medio por persona	Variación anual	2020	-1,19
España	Gasto medio por persona	Variación anual	2019	5,54
España	Gasto medio por persona	Variación anual	2018	2,8
España	Gasto medio por persona	Variación anual	2017	0,26
España	Gasto medio por persona	Variación anual	2016	4,36
España	Gasto medio por persona	Variación anual	2015	""
España	Gasto medio diario por persona	Valor absoluto	2023	61,68
España	Gasto medio diario por persona	Valor absoluto	2022	58,25
España	Gasto medio diario por persona	Valor absoluto	2021	48,65
España	Gasto medio diario por persona	Valor absoluto	2020	38,96
España	Gasto medio diario por persona	Valor absoluto	2019	49,29
España	Gasto medio diario por persona	Valor absoluto	2018	47,89
España	Gasto medio diario por persona	Valor absoluto	2017	45,34
España	Gasto medio diario por persona	Valor absoluto	2016	43,78
España	Gasto medio diario por persona	Valor absoluto	2015	42,21
España	Gasto medio diario por persona	Distribución porcentual	2023	""
España	Gasto medio diario por persona	Distribución porcentual	2022	""
España	Gasto medio diario por persona	Distribución porcentual	2021	""
España	Gasto medio diario por persona	Distribución porcentual	2020	""
España	Gasto medio diario por persona	Distribución porcentual	2019	""
España	Gasto medio diario por persona	Distribución porcentual	2018	""
España	Gasto medio diario por persona	Distribución porcentual	2017	""
España	Gasto medio diario por persona	Distribución porcentual	2016	""
España	Gasto medio diario por persona	Distribución porcentual	2015	""
España	Gasto medio diario por persona	Variación anual	2023	5,88
España	Gasto medio diario por persona	Variación anual	2022	19,75
España	Gasto medio diario por persona	Variación anual	2021	24,86
España	Gasto medio diario por persona	Variación anual	2020	-20,96
España	Gasto medio diario por persona	Variación anual	2019	2,91
España	Gasto medio diario por persona	Variación anual	2018	5,64
España	Gasto medio diario por persona	Variación anual	2017	3,55
España	Gasto medio diario por persona	Variación anual	2016	3,73
España	Gasto medio diario por persona	Variación anual	2015	""
Dentro de la Comunidad Autónoma	Viajes	Valor absoluto	2023	81.330.805
Dentro de la Comunidad Autónoma	Viajes	Valor absoluto	2022	79.058.162
Dentro de la Comunidad Autónoma	Viajes	Valor absoluto	2021	77.158.753
Dentro de la Comunidad Autónoma	Viajes	Valor absoluto	2020	57.493.722
Dentro de la Comunidad Autónoma	Viajes	Valor absoluto	2019	90.679.508
Dentro de la Comunidad Autónoma	Viajes	Valor absoluto	2018	93.045.759
Dentro de la Comunidad Autónoma	Viajes	Valor absoluto	2017	92.810.626
Dentro de la Comunidad Autónoma	Viajes	Valor absoluto	2016	86.079.120
Dentro de la Comunidad Autónoma	Viajes	Valor absoluto	2015	83.162.958
Dentro de la Comunidad Autónoma	Viajes	Distribución porcentual	2023	43,8
Dentro de la Comunidad Autónoma	Viajes	Distribución porcentual	2022	46,1
Dentro de la Comunidad Autónoma	Viajes	Distribución porcentual	2021	54
Dentro de la Comunidad Autónoma	Viajes	Distribución porcentual	2020	56,6
Dentro de la Comunidad Autónoma	Viajes	Distribución porcentual	2019	46,8
Dentro de la Comunidad Autónoma	Viajes	Distribución porcentual	2018	47,5
Dentro de la Comunidad Autónoma	Viajes	Distribución porcentual	2017	47,9
Dentro de la Comunidad Autónoma	Viajes	Distribución porcentual	2016	47,3
Dentro de la Comunidad Autónoma	Viajes	Distribución porcentual	2015	47,4
Dentro de la Comunidad Autónoma	Viajes	Variación anual	2023	2,87
Dentro de la Comunidad Autónoma	Viajes	Variación anual	2022	2,46
Dentro de la Comunidad Autónoma	Viajes	Variación anual	2021	34,2
Dentro de la Comunidad Autónoma	Viajes	Variación anual	2020	-36,6
Dentro de la Comunidad Autónoma	Viajes	Variación anual	2019	-2,54
Dentro de la Comunidad Autónoma	Viajes	Variación anual	2018	0,25
Dentro de la Comunidad Autónoma	Viajes	Variación anual	2017	7,82
Dentro de la Comunidad Autónoma	Viajes	Variación anual	2016	3,51
Dentro de la Comunidad Autónoma	Viajes	Variación anual	2015	""
Dentro de la Comunidad Autónoma	Duración media de los viajes	Valor absoluto	2023	2,96
Dentro de la Comunidad Autónoma	Duración media de los viajes	Valor absoluto	2022	3,1
Dentro de la Comunidad Autónoma	Duración media de los viajes	Valor absoluto	2021	3,2
Dentro de la Comunidad Autónoma	Duración media de los viajes	Valor absoluto	2020	3,67
Dentro de la Comunidad Autónoma	Duración media de los viajes	Valor absoluto	2019	2,92
Dentro de la Comunidad Autónoma	Duración media de los viajes	Valor absoluto	2018	2,81
Dentro de la Comunidad Autónoma	Duración media de los viajes	Valor absoluto	2017	2,87
Dentro de la Comunidad Autónoma	Duración media de los viajes	Valor absoluto	2016	2,98
Dentro de la Comunidad Autónoma	Duración media de los viajes	Valor absoluto	2015	2,97
Dentro de la Comunidad Autónoma	Duración media de los viajes	Distribución porcentual	2023	""
Dentro de la Comunidad Autónoma	Duración media de los viajes	Distribución porcentual	2022	""
Dentro de la Comunidad Autónoma	Duración media de los viajes	Distribución porcentual	2021	""
Dentro de la Comunidad Autónoma	Duración media de los viajes	Distribución porcentual	2020	""
Dentro de la Comunidad Autónoma	Duración media de los viajes	Distribución porcentual	2019	""
Dentro de la Comunidad Autónoma	Duración media de los viajes	Distribución porcentual	2018	""
Dentro de la Comunidad Autónoma	Duración media de los viajes	Distribución porcentual	2017	""
Dentro de la Comunidad Autónoma	Duración media de los viajes	Distribución porcentual	2016	""
Dentro de la Comunidad Autónoma	Duración media de los viajes	Distribución porcentual	2015	""
Dentro de la Comunidad Autónoma	Duración media de los viajes	Variación anual	2023	-4,76
Dentro de la Comunidad Autónoma	Duración media de los viajes	Variación anual	2022	-2,86
Dentro de la Comunidad Autónoma	Duración media de los viajes	Variación anual	2021	-12,91
Dentro de la Comunidad Autónoma	Duración media de los viajes	Variación anual	2020	25,68
Dentro de la Comunidad Autónoma	Duración media de los viajes	Variación anual	2019	3,84
Dentro de la Comunidad Autónoma	Duración media de los viajes	Variación anual	2018	-1,98
Dentro de la Comunidad Autónoma	Duración media de los viajes	Variación anual	2017	-3,67
Dentro de la Comunidad Autónoma	Duración media de los viajes	Variación anual	2016	0,3
Dentro de la Comunidad Autónoma	Duración media de los viajes	Variación anual	2015	""
Dentro de la Comunidad Autónoma	Pernoctaciones	Valor absoluto	2023	240.473.683
Dentro de la Comunidad Autónoma	Pernoctaciones	Valor absoluto	2022	245.440.219
Dentro de la Comunidad Autónoma	Pernoctaciones	Valor absoluto	2021	246.592.875
Dentro de la Comunidad Autónoma	Pernoctaciones	Valor absoluto	2020	210.984.725
Dentro de la Comunidad Autónoma	Pernoctaciones	Valor absoluto	2019	264.776.360
Dentro de la Comunidad Autónoma	Pernoctaciones	Valor absoluto	2018	261.643.807
Dentro de la Comunidad Autónoma	Pernoctaciones	Valor absoluto	2017	266.247.655
Dentro de la Comunidad Autónoma	Pernoctaciones	Valor absoluto	2016	256.339.020
Dentro de la Comunidad Autónoma	Pernoctaciones	Valor absoluto	2015	246.912.284
Dentro de la Comunidad Autónoma	Pernoctaciones	Distribución porcentual	2023	30
Dentro de la Comunidad Autónoma	Pernoctaciones	Distribución porcentual	2022	32,9
Dentro de la Comunidad Autónoma	Pernoctaciones	Distribución porcentual	2021	39,4
Dentro de la Comunidad Autónoma	Pernoctaciones	Distribución porcentual	2020	42,8
Dentro de la Comunidad Autónoma	Pernoctaciones	Distribución porcentual	2019	33,4
Dentro de la Comunidad Autónoma	Pernoctaciones	Distribución porcentual	2018	32,9
Dentro de la Comunidad Autónoma	Pernoctaciones	Distribución porcentual	2017	33,2
Dentro de la Comunidad Autónoma	Pernoctaciones	Distribución porcentual	2016	32,9
Dentro de la Comunidad Autónoma	Pernoctaciones	Distribución porcentual	2015	32,9
Dentro de la Comunidad Autónoma	Pernoctaciones	Variación anual	2023	-2,02
Dentro de la Comunidad Autónoma	Pernoctaciones	Variación anual	2022	-0,47
Dentro de la Comunidad Autónoma	Pernoctaciones	Variación anual	2021	16,88
Dentro de la Comunidad Autónoma	Pernoctaciones	Variación anual	2020	-20,32
Dentro de la Comunidad Autónoma	Pernoctaciones	Variación anual	2019	1,2
Dentro de la Comunidad Autónoma	Pernoctaciones	Variación anual	2018	-1,73
Dentro de la Comunidad Autónoma	Pernoctaciones	Variación anual	2017	3,87
Dentro de la Comunidad Autónoma	Pernoctaciones	Variación anual	2016	3,82
Dentro de la Comunidad Autónoma	Pernoctaciones	Variación anual	2015	""
Dentro de la Comunidad Autónoma	Gasto total	Valor absoluto	2023	11.273.027,78
Dentro de la Comunidad Autónoma	Gasto total	Valor absoluto	2022	10.511.006,55
Dentro de la Comunidad Autónoma	Gasto total	Valor absoluto	2021	9.030.158,49
Dentro de la Comunidad Autónoma	Gasto total	Valor absoluto	2020	6.523.992,52
Dentro de la Comunidad Autónoma	Gasto total	Valor absoluto	2019	9.551.900,45
Dentro de la Comunidad Autónoma	Gasto total	Valor absoluto	2018	9.073.123,82
Dentro de la Comunidad Autónoma	Gasto total	Valor absoluto	2017	8.630.137,04
Dentro de la Comunidad Autónoma	Gasto total	Valor absoluto	2016	7.981.721,58
Dentro de la Comunidad Autónoma	Gasto total	Valor absoluto	2015	7.549.602,23
Dentro de la Comunidad Autónoma	Gasto total	Distribución porcentual	2023	19,2
Dentro de la Comunidad Autónoma	Gasto total	Distribución porcentual	2022	20,9
Dentro de la Comunidad Autónoma	Gasto total	Distribución porcentual	2021	27,8
Dentro de la Comunidad Autónoma	Gasto total	Distribución porcentual	2020	30,9
Dentro de la Comunidad Autónoma	Gasto total	Distribución porcentual	2019	19,9
Dentro de la Comunidad Autónoma	Gasto total	Distribución porcentual	2018	19,3
Dentro de la Comunidad Autónoma	Gasto total	Distribución porcentual	2017	19,5
Dentro de la Comunidad Autónoma	Gasto total	Distribución porcentual	2016	19,3
Dentro de la Comunidad Autónoma	Gasto total	Distribución porcentual	2015	19,9
Dentro de la Comunidad Autónoma	Gasto total	Variación anual	2023	7,25
Dentro de la Comunidad Autónoma	Gasto total	Variación anual	2022	16,4
Dentro de la Comunidad Autónoma	Gasto total	Variación anual	2021	38,41
Dentro de la Comunidad Autónoma	Gasto total	Variación anual	2020	-31,7
Dentro de la Comunidad Autónoma	Gasto total	Variación anual	2019	5,28
Dentro de la Comunidad Autónoma	Gasto total	Variación anual	2018	5,13
Dentro de la Comunidad Autónoma	Gasto total	Variación anual	2017	8,12
Dentro de la Comunidad Autónoma	Gasto total	Variación anual	2016	5,72
Dentro de la Comunidad Autónoma	Gasto total	Variación anual	2015	""
Dentro de la Comunidad Autónoma	Gasto medio por persona	Valor absoluto	2023	138,61
Dentro de la Comunidad Autónoma	Gasto medio por persona	Valor absoluto	2022	132,95
Dentro de la Comunidad Autónoma	Gasto medio por persona	Valor absoluto	2021	117,03
Dentro de la Comunidad Autónoma	Gasto medio por persona	Valor absoluto	2020	113,47
Dentro de la Comunidad Autónoma	Gasto medio por persona	Valor absoluto	2019	105,34
Dentro de la Comunidad Autónoma	Gasto medio por persona	Valor absoluto	2018	97,51
Dentro de la Comunidad Autónoma	Gasto medio por persona	Valor absoluto	2017	92,99
Dentro de la Comunidad Autónoma	Gasto medio por persona	Valor absoluto	2016	92,73
Dentro de la Comunidad Autónoma	Gasto medio por persona	Valor absoluto	2015	90,78
Dentro de la Comunidad Autónoma	Gasto medio por persona	Distribución porcentual	2023	""
Dentro de la Comunidad Autónoma	Gasto medio por persona	Distribución porcentual	2022	""
Dentro de la Comunidad Autónoma	Gasto medio por persona	Distribución porcentual	2021	""
Dentro de la Comunidad Autónoma	Gasto medio por persona	Distribución porcentual	2020	""
Dentro de la Comunidad Autónoma	Gasto medio por persona	Distribución porcentual	2019	""
Dentro de la Comunidad Autónoma	Gasto medio por persona	Distribución porcentual	2018	""
Dentro de la Comunidad Autónoma	Gasto medio por persona	Distribución porcentual	2017	""
Dentro de la Comunidad Autónoma	Gasto medio por persona	Distribución porcentual	2016	""
Dentro de la Comunidad Autónoma	Gasto medio por persona	Distribución porcentual	2015	""
Dentro de la Comunidad Autónoma	Gasto medio por persona	Variación anual	2023	4,25
Dentro de la Comunidad Autónoma	Gasto medio por persona	Variación anual	2022	13,6
Dentro de la Comunidad Autónoma	Gasto medio por persona	Variación anual	2021	3,14
Dentro de la Comunidad Autónoma	Gasto medio por persona	Variación anual	2020	7,72
Dentro de la Comunidad Autónoma	Gasto medio por persona	Variación anual	2019	8,02
Dentro de la Comunidad Autónoma	Gasto medio por persona	Variación anual	2018	4,87
Dentro de la Comunidad Autónoma	Gasto medio por persona	Variación anual	2017	0,28
Dentro de la Comunidad Autónoma	Gasto medio por persona	Variación anual	2016	2,14
Dentro de la Comunidad Autónoma	Gasto medio por persona	Variación anual	2015	""
Dentro de la Comunidad Autónoma	Gasto medio diario por persona	Valor absoluto	2023	46,88
Dentro de la Comunidad Autónoma	Gasto medio diario por persona	Valor absoluto	2022	42,83
Dentro de la Comunidad Autónoma	Gasto medio diario por persona	Valor absoluto	2021	36,62
Dentro de la Comunidad Autónoma	Gasto medio diario por persona	Valor absoluto	2020	30,92
Dentro de la Comunidad Autónoma	Gasto medio diario por persona	Valor absoluto	2019	36,08
Dentro de la Comunidad Autónoma	Gasto medio diario por persona	Valor absoluto	2018	34,68
Dentro de la Comunidad Autónoma	Gasto medio diario por persona	Valor absoluto	2017	32,41
Dentro de la Comunidad Autónoma	Gasto medio diario por persona	Valor absoluto	2016	31,14
Dentro de la Comunidad Autónoma	Gasto medio diario por persona	Valor absoluto	2015	30,58
Dentro de la Comunidad Autónoma	Gasto medio diario por persona	Distribución porcentual	2023	""
Dentro de la Comunidad Autónoma	Gasto medio diario por persona	Distribución porcentual	2022	""
Dentro de la Comunidad Autónoma	Gasto medio diario por persona	Distribución porcentual	2021	""
Dentro de la Comunidad Autónoma	Gasto medio diario por persona	Distribución porcentual	2020	""
Dentro de la Comunidad Autónoma	Gasto medio diario por persona	Distribución porcentual	2019	""
Dentro de la Comunidad Autónoma	Gasto medio diario por persona	Distribución porcentual	2018	""
Dentro de la Comunidad Autónoma	Gasto medio diario por persona	Distribución porcentual	2017	""
Dentro de la Comunidad Autónoma	Gasto medio diario por persona	Distribución porcentual	2016	""
Dentro de la Comunidad Autónoma	Gasto medio diario por persona	Distribución porcentual	2015	""
Dentro de la Comunidad Autónoma	Gasto medio diario por persona	Variación anual	2023	9,46
Dentro de la Comunidad Autónoma	Gasto medio diario por persona	Variación anual	2022	16,95
Dentro de la Comunidad Autónoma	Gasto medio diario por persona	Variación anual	2021	18,43
Dentro de la Comunidad Autónoma	Gasto medio diario por persona	Variación anual	2020	-14,29
Dentro de la Comunidad Autónoma	Gasto medio diario por persona	Variación anual	2019	4,03
Dentro de la Comunidad Autónoma	Gasto medio diario por persona	Variación anual	2018	6,98
Dentro de la Comunidad Autónoma	Gasto medio diario por persona	Variación anual	2017	4,1
Dentro de la Comunidad Autónoma	Gasto medio diario por persona	Variación anual	2016	1,84
Dentro de la Comunidad Autónoma	Gasto medio diario por persona	Variación anual	2015	""
Dentro de la provincia	Viajes	Valor absoluto	2023	45.145.869
Dentro de la provincia	Viajes	Valor absoluto	2022	44.579.937
Dentro de la provincia	Viajes	Valor absoluto	2021	46.020.316
Dentro de la provincia	Viajes	Valor absoluto	2020	35.871.163
Dentro de la provincia	Viajes	Valor absoluto	2019	54.222.516
Dentro de la provincia	Viajes	Valor absoluto	2018	54.541.106
Dentro de la provincia	Viajes	Valor absoluto	2017	54.796.720
Dentro de la provincia	Viajes	Valor absoluto	2016	50.823.320
Dentro de la provincia	Viajes	Valor absoluto	2015	47.583.789
Dentro de la provincia	Viajes	Distribución porcentual	2023	24,3
Dentro de la provincia	Viajes	Distribución porcentual	2022	26
Dentro de la provincia	Viajes	Distribución porcentual	2021	32,2
Dentro de la provincia	Viajes	Distribución porcentual	2020	35,3
Dentro de la provincia	Viajes	Distribución porcentual	2019	28
Dentro de la provincia	Viajes	Distribución porcentual	2018	27,8
Dentro de la provincia	Viajes	Distribución porcentual	2017	28,3
Dentro de la provincia	Viajes	Distribución porcentual	2016	27,9
Dentro de la provincia	Viajes	Distribución porcentual	2015	27,1
Dentro de la provincia	Viajes	Variación anual	2023	1,27
Dentro de la provincia	Viajes	Variación anual	2022	-3,13
Dentro de la provincia	Viajes	Variación anual	2021	28,29
Dentro de la provincia	Viajes	Variación anual	2020	-33,84
Dentro de la provincia	Viajes	Variación anual	2019	-0,58
Dentro de la provincia	Viajes	Variación anual	2018	-0,47
Dentro de la provincia	Viajes	Variación anual	2017	7,82
Dentro de la provincia	Viajes	Variación anual	2016	6,81
Dentro de la provincia	Viajes	Variación anual	2015	""
Dentro de la provincia	Duración media de los viajes	Valor absoluto	2023	2,82
Dentro de la provincia	Duración media de los viajes	Valor absoluto	2022	2,93
Dentro de la provincia	Duración media de los viajes	Valor absoluto	2021	3,01
Dentro de la provincia	Duración media de los viajes	Valor absoluto	2020	3,55
Dentro de la provincia	Duración media de los viajes	Valor absoluto	2019	2,76
Dentro de la provincia	Duración media de los viajes	Valor absoluto	2018	2,69
Dentro de la provincia	Duración media de los viajes	Valor absoluto	2017	2,76
Dentro de la provincia	Duración media de los viajes	Valor absoluto	2016	2,82
Dentro de la provincia	Duración media de los viajes	Valor absoluto	2015	2,81
Dentro de la provincia	Duración media de los viajes	Distribución porcentual	2023	""
Dentro de la provincia	Duración media de los viajes	Distribución porcentual	2022	""
Dentro de la provincia	Duración media de los viajes	Distribución porcentual	2021	""
Dentro de la provincia	Duración media de los viajes	Distribución porcentual	2020	""
Dentro de la provincia	Duración media de los viajes	Distribución porcentual	2019	""
Dentro de la provincia	Duración media de los viajes	Distribución porcentual	2018	""
Dentro de la provincia	Duración media de los viajes	Distribución porcentual	2017	""
Dentro de la provincia	Duración media de los viajes	Distribución porcentual	2016	""
Dentro de la provincia	Duración media de los viajes	Distribución porcentual	2015	""
Dentro de la provincia	Duración media de los viajes	Variación anual	2023	-3,7
Dentro de la provincia	Duración media de los viajes	Variación anual	2022	-2,62
Dentro de la provincia	Duración media de los viajes	Variación anual	2021	-15,38
Dentro de la provincia	Duración media de los viajes	Variación anual	2020	28,83
Dentro de la provincia	Duración media de los viajes	Variación anual	2019	2,65
Dentro de la provincia	Duración media de los viajes	Variación anual	2018	-2,5
Dentro de la provincia	Duración media de los viajes	Variación anual	2017	-2,29
Dentro de la provincia	Duración media de los viajes	Variación anual	2016	0,32
Dentro de la provincia	Duración media de los viajes	Variación anual	2015	""
Dentro de la provincia	Pernoctaciones	Valor absoluto	2023	127.315.540
Dentro de la provincia	Pernoctaciones	Valor absoluto	2022	130.549.907
Dentro de la provincia	Pernoctaciones	Valor absoluto	2021	138.392.694
Dentro de la provincia	Pernoctaciones	Valor absoluto	2020	127.479.349
Dentro de la provincia	Pernoctaciones	Valor absoluto	2019	149.574.246
Dentro de la provincia	Pernoctaciones	Valor absoluto	2018	146.571.637
Dentro de la provincia	Pernoctaciones	Valor absoluto	2017	151.026.902
Dentro de la provincia	Pernoctaciones	Valor absoluto	2016	143.363.494
Dentro de la provincia	Pernoctaciones	Valor absoluto	2015	133.794.937
Dentro de la provincia	Pernoctaciones	Distribución porcentual	2023	15,9
Dentro de la provincia	Pernoctaciones	Distribución porcentual	2022	17,5
Dentro de la provincia	Pernoctaciones	Distribución porcentual	2021	22,1
Dentro de la provincia	Pernoctaciones	Distribución porcentual	2020	25,8
Dentro de la provincia	Pernoctaciones	Distribución porcentual	2019	18,8
Dentro de la provincia	Pernoctaciones	Distribución porcentual	2018	18,4
Dentro de la provincia	Pernoctaciones	Distribución porcentual	2017	18,8
Dentro de la provincia	Pernoctaciones	Distribución porcentual	2016	18,4
Dentro de la provincia	Pernoctaciones	Distribución porcentual	2015	17,8
Dentro de la provincia	Pernoctaciones	Variación anual	2023	-2,48
Dentro de la provincia	Pernoctaciones	Variación anual	2022	-5,67
Dentro de la provincia	Pernoctaciones	Variación anual	2021	8,56
Dentro de la provincia	Pernoctaciones	Variación anual	2020	-14,77
Dentro de la provincia	Pernoctaciones	Variación anual	2019	2,05
Dentro de la provincia	Pernoctaciones	Variación anual	2018	-2,95
Dentro de la provincia	Pernoctaciones	Variación anual	2017	5,35
Dentro de la provincia	Pernoctaciones	Variación anual	2016	7,15
Dentro de la provincia	Pernoctaciones	Variación anual	2015	""
Dentro de la provincia	Gasto total	Valor absoluto	2023	4.690.879,22
Dentro de la provincia	Gasto total	Valor absoluto	2022	4.350.687,21
Dentro de la provincia	Gasto total	Valor absoluto	2021	3.956.591,11
Dentro de la provincia	Gasto total	Valor absoluto	2020	3.059.638,63
Dentro de la provincia	Gasto total	Valor absoluto	2019	4.238.372,6
Dentro de la provincia	Gasto total	Valor absoluto	2018	3.943.462,63
Dentro de la provincia	Gasto total	Valor absoluto	2017	3.831.839,31
Dentro de la provincia	Gasto total	Valor absoluto	2016	3.450.932,38
Dentro de la provincia	Gasto total	Valor absoluto	2015	3.065.641,25
Dentro de la provincia	Gasto total	Distribución porcentual	2023	8
Dentro de la provincia	Gasto total	Distribución porcentual	2022	8,7
Dentro de la provincia	Gasto total	Distribución porcentual	2021	12,2
Dentro de la provincia	Gasto total	Distribución porcentual	2020	14,5
Dentro de la provincia	Gasto total	Distribución porcentual	2019	8,8
Dentro de la provincia	Gasto total	Distribución porcentual	2018	8,4
Dentro de la provincia	Gasto total	Distribución porcentual	2017	8,7
Dentro de la provincia	Gasto total	Distribución porcentual	2016	8,3
Dentro de la provincia	Gasto total	Distribución porcentual	2015	8,1
Dentro de la provincia	Gasto total	Variación anual	2023	7,82
Dentro de la provincia	Gasto total	Variación anual	2022	9,96
Dentro de la provincia	Gasto total	Variación anual	2021	29,32
Dentro de la provincia	Gasto total	Variación anual	2020	-27,81
Dentro de la provincia	Gasto total	Variación anual	2019	7,48
Dentro de la provincia	Gasto total	Variación anual	2018	2,91
Dentro de la provincia	Gasto total	Variación anual	2017	11,04
Dentro de la provincia	Gasto total	Variación anual	2016	12,57
Dentro de la provincia	Gasto total	Variación anual	2015	""
Dentro de la provincia	Gasto medio por persona	Valor absoluto	2023	103,9
Dentro de la provincia	Gasto medio por persona	Valor absoluto	2022	97,59
Dentro de la provincia	Gasto medio por persona	Valor absoluto	2021	85,97
Dentro de la provincia	Gasto medio por persona	Valor absoluto	2020	85,3
Dentro de la provincia	Gasto medio por persona	Valor absoluto	2019	78,17
Dentro de la provincia	Gasto medio por persona	Valor absoluto	2018	72,3
Dentro de la provincia	Gasto medio por persona	Valor absoluto	2017	69,93
Dentro de la provincia	Gasto medio por persona	Valor absoluto	2016	67,9
Dentro de la provincia	Gasto medio por persona	Valor absoluto	2015	64,43
Dentro de la provincia	Gasto medio por persona	Distribución porcentual	2023	""
Dentro de la provincia	Gasto medio por persona	Distribución porcentual	2022	""
Dentro de la provincia	Gasto medio por persona	Distribución porcentual	2021	""
Dentro de la provincia	Gasto medio por persona	Distribución porcentual	2020	""
Dentro de la provincia	Gasto medio por persona	Distribución porcentual	2019	""
Dentro de la provincia	Gasto medio por persona	Distribución porcentual	2018	""
Dentro de la provincia	Gasto medio por persona	Distribución porcentual	2017	""
Dentro de la provincia	Gasto medio por persona	Distribución porcentual	2016	""
Dentro de la provincia	Gasto medio por persona	Distribución porcentual	2015	""
Dentro de la provincia	Gasto medio por persona	Variación anual	2023	6,47
Dentro de la provincia	Gasto medio por persona	Variación anual	2022	13,51
Dentro de la provincia	Gasto medio por persona	Variación anual	2021	0,8
Dentro de la provincia	Gasto medio por persona	Variación anual	2020	9,12
Dentro de la provincia	Gasto medio por persona	Variación anual	2019	8,11
Dentro de la provincia	Gasto medio por persona	Variación anual	2018	3,4
Dentro de la provincia	Gasto medio por persona	Variación anual	2017	2,99
Dentro de la provincia	Gasto medio por persona	Variación anual	2016	5,39
Dentro de la provincia	Gasto medio por persona	Variación anual	2015	""
Dentro de la provincia	Gasto medio diario por persona	Valor absoluto	2023	36,84
Dentro de la provincia	Gasto medio diario por persona	Valor absoluto	2022	33,33
Dentro de la provincia	Gasto medio diario por persona	Valor absoluto	2021	28,59
Dentro de la provincia	Gasto medio diario por persona	Valor absoluto	2020	24
Dentro de la provincia	Gasto medio diario por persona	Valor absoluto	2019	28,34
Dentro de la provincia	Gasto medio diario por persona	Valor absoluto	2018	26,9
Dentro de la provincia	Gasto medio diario por persona	Valor absoluto	2017	25,37
Dentro de la provincia	Gasto medio diario por persona	Valor absoluto	2016	24,07
Dentro de la provincia	Gasto medio diario por persona	Valor absoluto	2015	22,91
Dentro de la provincia	Gasto medio diario por persona	Distribución porcentual	2023	""
Dentro de la provincia	Gasto medio diario por persona	Distribución porcentual	2022	""
Dentro de la provincia	Gasto medio diario por persona	Distribución porcentual	2021	""
Dentro de la provincia	Gasto medio diario por persona	Distribución porcentual	2020	""
Dentro de la provincia	Gasto medio diario por persona	Distribución porcentual	2019	""
Dentro de la provincia	Gasto medio diario por persona	Distribución porcentual	2018	""
Dentro de la provincia	Gasto medio diario por persona	Distribución porcentual	2017	""
Dentro de la provincia	Gasto medio diario por persona	Distribución porcentual	2016	""
Dentro de la provincia	Gasto medio diario por persona	Distribución porcentual	2015	""
Dentro de la provincia	Gasto medio diario por persona	Variación anual	2023	10,56
Dentro de la provincia	Gasto medio diario por persona	Variación anual	2022	16,57
Dentro de la provincia	Gasto medio diario por persona	Variación anual	2021	19,12
Dentro de la provincia	Gasto medio diario por persona	Variación anual	2020	-15,3
Dentro de la provincia	Gasto medio diario por persona	Variación anual	2019	5,32
Dentro de la provincia	Gasto medio diario por persona	Variación anual	2018	6,04
Dentro de la provincia	Gasto medio diario por persona	Variación anual	2017	5,4
Dentro de la provincia	Gasto medio diario por persona	Variación anual	2016	5,05
Dentro de la provincia	Gasto medio diario por persona	Variación anual	2015	""
A otra Comunidad Autónoma	Viajes	Valor absoluto	2023	85.273.832
A otra Comunidad Autónoma	Viajes	Valor absoluto	2022	76.194.865
A otra Comunidad Autónoma	Viajes	Valor absoluto	2021	58.528.956
A otra Comunidad Autónoma	Viajes	Valor absoluto	2020	38.955.673
A otra Comunidad Autónoma	Viajes	Valor absoluto	2019	83.075.463
A otra Comunidad Autónoma	Viajes	Valor absoluto	2018	83.726.593
A otra Comunidad Autónoma	Viajes	Valor absoluto	2017	83.589.175
A otra Comunidad Autónoma	Viajes	Valor absoluto	2016	80.139.671
A otra Comunidad Autónoma	Viajes	Valor absoluto	2015	77.168.127
A otra Comunidad Autónoma	Viajes	Distribución porcentual	2023	45,9
A otra Comunidad Autónoma	Viajes	Distribución porcentual	2022	44,5
A otra Comunidad Autónoma	Viajes	Distribución porcentual	2021	41
A otra Comunidad Autónoma	Viajes	Distribución porcentual	2020	38,4
A otra Comunidad Autónoma	Viajes	Distribución porcentual	2019	42,9
A otra Comunidad Autónoma	Viajes	Distribución porcentual	2018	42,7
A otra Comunidad Autónoma	Viajes	Distribución porcentual	2017	43,2
A otra Comunidad Autónoma	Viajes	Distribución porcentual	2016	44
A otra Comunidad Autónoma	Viajes	Distribución porcentual	2015	44
A otra Comunidad Autónoma	Viajes	Variación anual	2023	11,92
A otra Comunidad Autónoma	Viajes	Variación anual	2022	30,18
A otra Comunidad Autónoma	Viajes	Variación anual	2021	50,25
A otra Comunidad Autónoma	Viajes	Variación anual	2020	-53,11
A otra Comunidad Autónoma	Viajes	Variación anual	2019	-0,78
A otra Comunidad Autónoma	Viajes	Variación anual	2018	0,16
A otra Comunidad Autónoma	Viajes	Variación anual	2017	4,3
A otra Comunidad Autónoma	Viajes	Variación anual	2016	3,85
A otra Comunidad Autónoma	Viajes	Variación anual	2015	""
A otra Comunidad Autónoma	Duración media de los viajes	Valor absoluto	2023	4,73
A otra Comunidad Autónoma	Duración media de los viajes	Valor absoluto	2022	4,76
A otra Comunidad Autónoma	Duración media de los viajes	Valor absoluto	2021	5,31
A otra Comunidad Autónoma	Duración media de los viajes	Valor absoluto	2020	6,15
A otra Comunidad Autónoma	Duración media de los viajes	Valor absoluto	2019	4,63
A otra Comunidad Autónoma	Duración media de los viajes	Valor absoluto	2018	4,57
A otra Comunidad Autónoma	Duración media de los viajes	Valor absoluto	2017	4,72
A otra Comunidad Autónoma	Duración media de los viajes	Valor absoluto	2016	4,83
A otra Comunidad Autónoma	Duración media de los viajes	Valor absoluto	2015	4,79
A otra Comunidad Autónoma	Duración media de los viajes	Distribución porcentual	2023	""
A otra Comunidad Autónoma	Duración media de los viajes	Distribución porcentual	2022	""
A otra Comunidad Autónoma	Duración media de los viajes	Distribución porcentual	2021	""
A otra Comunidad Autónoma	Duración media de los viajes	Distribución porcentual	2020	""
A otra Comunidad Autónoma	Duración media de los viajes	Distribución porcentual	2019	""
A otra Comunidad Autónoma	Duración media de los viajes	Distribución porcentual	2018	""
A otra Comunidad Autónoma	Duración media de los viajes	Distribución porcentual	2017	""
A otra Comunidad Autónoma	Duración media de los viajes	Distribución porcentual	2016	""
A otra Comunidad Autónoma	Duración media de los viajes	Distribución porcentual	2015	""
A otra Comunidad Autónoma	Duración media de los viajes	Variación anual	2023	-0,71
A otra Comunidad Autónoma	Duración media de los viajes	Variación anual	2022	-10,3
A otra Comunidad Autónoma	Duración media de los viajes	Variación anual	2021	-13,73
A otra Comunidad Autónoma	Duración media de los viajes	Variación anual	2020	32,87
A otra Comunidad Autónoma	Duración media de los viajes	Variación anual	2019	1,32
A otra Comunidad Autónoma	Duración media de los viajes	Variación anual	2018	-3,16
A otra Comunidad Autónoma	Duración media de los viajes	Variación anual	2017	-2,18
A otra Comunidad Autónoma	Duración media de los viajes	Variación anual	2016	0,75
A otra Comunidad Autónoma	Duración media de los viajes	Variación anual	2015	""
A otra Comunidad Autónoma	Pernoctaciones	Valor absoluto	2023	403.155.366
A otra Comunidad Autónoma	Pernoctaciones	Valor absoluto	2022	362.795.286
A otra Comunidad Autónoma	Pernoctaciones	Valor absoluto	2021	310.685.588
A otra Comunidad Autónoma	Pernoctaciones	Valor absoluto	2020	239.704.583
A otra Comunidad Autónoma	Pernoctaciones	Valor absoluto	2019	384.740.039
A otra Comunidad Autónoma	Pernoctaciones	Valor absoluto	2018	382.722.163
A otra Comunidad Autónoma	Pernoctaciones	Valor absoluto	2017	394.546.709
A otra Comunidad Autónoma	Pernoctaciones	Valor absoluto	2016	386.711.462
A otra Comunidad Autónoma	Pernoctaciones	Valor absoluto	2015	369.603.634
A otra Comunidad Autónoma	Pernoctaciones	Distribución porcentual	2023	50,3
A otra Comunidad Autónoma	Pernoctaciones	Distribución porcentual	2022	48,6
A otra Comunidad Autónoma	Pernoctaciones	Distribución porcentual	2021	49,6
A otra Comunidad Autónoma	Pernoctaciones	Distribución porcentual	2020	48,6
A otra Comunidad Autónoma	Pernoctaciones	Distribución porcentual	2019	48,5
A otra Comunidad Autónoma	Pernoctaciones	Distribución porcentual	2018	48,1
A otra Comunidad Autónoma	Pernoctaciones	Distribución porcentual	2017	49,2
A otra Comunidad Autónoma	Pernoctaciones	Distribución porcentual	2016	49,6
A otra Comunidad Autónoma	Pernoctaciones	Distribución porcentual	2015	49,3
A otra Comunidad Autónoma	Pernoctaciones	Variación anual	2023	11,12
A otra Comunidad Autónoma	Pernoctaciones	Variación anual	2022	16,77
A otra Comunidad Autónoma	Pernoctaciones	Variación anual	2021	29,61
A otra Comunidad Autónoma	Pernoctaciones	Variación anual	2020	-37,7
A otra Comunidad Autónoma	Pernoctaciones	Variación anual	2019	0,53
A otra Comunidad Autónoma	Pernoctaciones	Variación anual	2018	-3
A otra Comunidad Autónoma	Pernoctaciones	Variación anual	2017	2,03
A otra Comunidad Autónoma	Pernoctaciones	Variación anual	2016	4,63
A otra Comunidad Autónoma	Pernoctaciones	Variación anual	2015	""
A otra Comunidad Autónoma	Gasto total	Valor absoluto	2023	28.425.334,78
A otra Comunidad Autónoma	Gasto total	Valor absoluto	2022	24.920.854,53
A otra Comunidad Autónoma	Gasto total	Valor absoluto	2021	18.078.795,37
A otra Comunidad Autónoma	Gasto total	Valor absoluto	2020	11.034.452,81
A otra Comunidad Autónoma	Gasto total	Valor absoluto	2019	22.462.105,74
A otra Comunidad Autónoma	Gasto total	Valor absoluto	2018	21.788.081,18
A otra Comunidad Autónoma	Gasto total	Valor absoluto	2017	21.327.310,12
A otra Comunidad Autónoma	Gasto total	Valor absoluto	2016	20.172.723,85
A otra Comunidad Autónoma	Gasto total	Valor absoluto	2015	18.472.215,94
A otra Comunidad Autónoma	Gasto total	Distribución porcentual	2023	48,4
A otra Comunidad Autónoma	Gasto total	Distribución porcentual	2022	49,6
A otra Comunidad Autónoma	Gasto total	Distribución porcentual	2021	55,6
A otra Comunidad Autónoma	Gasto total	Distribución porcentual	2020	52,2
A otra Comunidad Autónoma	Gasto total	Distribución porcentual	2019	46,7
A otra Comunidad Autónoma	Gasto total	Distribución porcentual	2018	46,4
A otra Comunidad Autónoma	Gasto total	Distribución porcentual	2017	48,2
A otra Comunidad Autónoma	Gasto total	Distribución porcentual	2016	48,7
A otra Comunidad Autónoma	Gasto total	Distribución porcentual	2015	48,7
A otra Comunidad Autónoma	Gasto total	Variación anual	2023	14,06
A otra Comunidad Autónoma	Gasto total	Variación anual	2022	37,85
A otra Comunidad Autónoma	Gasto total	Variación anual	2021	63,84
A otra Comunidad Autónoma	Gasto total	Variación anual	2020	-50,88
A otra Comunidad Autónoma	Gasto total	Variación anual	2019	3,09
A otra Comunidad Autónoma	Gasto total	Variación anual	2018	2,16
A otra Comunidad Autónoma	Gasto total	Variación anual	2017	5,72
A otra Comunidad Autónoma	Gasto total	Variación anual	2016	9,21
A otra Comunidad Autónoma	Gasto total	Variación anual	2015	""
A otra Comunidad Autónoma	Gasto medio por persona	Valor absoluto	2023	333,34
A otra Comunidad Autónoma	Gasto medio por persona	Valor absoluto	2022	327,07
A otra Comunidad Autónoma	Gasto medio por persona	Valor absoluto	2021	308,89
A otra Comunidad Autónoma	Gasto medio por persona	Valor absoluto	2020	283,26
A otra Comunidad Autónoma	Gasto medio por persona	Valor absoluto	2019	270,38
A otra Comunidad Autónoma	Gasto medio por persona	Valor absoluto	2018	260,23
A otra Comunidad Autónoma	Gasto medio por persona	Valor absoluto	2017	255,14
A otra Comunidad Autónoma	Gasto medio por persona	Valor absoluto	2016	251,72
A otra Comunidad Autónoma	Gasto medio por persona	Valor absoluto	2015	239,38
A otra Comunidad Autónoma	Gasto medio por persona	Distribución porcentual	2023	""
A otra Comunidad Autónoma	Gasto medio por persona	Distribución porcentual	2022	""
A otra Comunidad Autónoma	Gasto medio por persona	Distribución porcentual	2021	""
A otra Comunidad Autónoma	Gasto medio por persona	Distribución porcentual	2020	""
A otra Comunidad Autónoma	Gasto medio por persona	Distribución porcentual	2019	""
A otra Comunidad Autónoma	Gasto medio por persona	Distribución porcentual	2018	""
A otra Comunidad Autónoma	Gasto medio por persona	Distribución porcentual	2017	""
A otra Comunidad Autónoma	Gasto medio por persona	Distribución porcentual	2016	""
A otra Comunidad Autónoma	Gasto medio por persona	Distribución porcentual	2015	""
A otra Comunidad Autónoma	Gasto medio por persona	Variación anual	2023	1,92
A otra Comunidad Autónoma	Gasto medio por persona	Variación anual	2022	5,89
A otra Comunidad Autónoma	Gasto medio por persona	Variación anual	2021	9,05
A otra Comunidad Autónoma	Gasto medio por persona	Variación anual	2020	4,76
A otra Comunidad Autónoma	Gasto medio por persona	Variación anual	2019	3,9
A otra Comunidad Autónoma	Gasto medio por persona	Variación anual	2018	1,99
A otra Comunidad Autónoma	Gasto medio por persona	Variación anual	2017	1,36
A otra Comunidad Autónoma	Gasto medio por persona	Variación anual	2016	5,16
A otra Comunidad Autónoma	Gasto medio por persona	Variación anual	2015	""
A otra Comunidad Autónoma	Gasto medio diario por persona	Valor absoluto	2023	70,51
A otra Comunidad Autónoma	Gasto medio diario por persona	Valor absoluto	2022	68,69
A otra Comunidad Autónoma	Gasto medio diario por persona	Valor absoluto	2021	58,19
A otra Comunidad Autónoma	Gasto medio diario por persona	Valor absoluto	2020	46,03
A otra Comunidad Autónoma	Gasto medio diario por persona	Valor absoluto	2019	58,38
A otra Comunidad Autónoma	Gasto medio diario por persona	Valor absoluto	2018	56,93
A otra Comunidad Autónoma	Gasto medio diario por persona	Valor absoluto	2017	54,06
A otra Comunidad Autónoma	Gasto medio diario por persona	Valor absoluto	2016	52,16
A otra Comunidad Autónoma	Gasto medio diario por persona	Valor absoluto	2015	49,98
A otra Comunidad Autónoma	Gasto medio diario por persona	Distribución porcentual	2023	""
A otra Comunidad Autónoma	Gasto medio diario por persona	Distribución porcentual	2022	""
A otra Comunidad Autónoma	Gasto medio diario por persona	Distribución porcentual	2021	""
A otra Comunidad Autónoma	Gasto medio diario por persona	Distribución porcentual	2020	""
A otra Comunidad Autónoma	Gasto medio diario por persona	Distribución porcentual	2019	""
A otra Comunidad Autónoma	Gasto medio diario por persona	Distribución porcentual	2018	""
A otra Comunidad Autónoma	Gasto medio diario por persona	Distribución porcentual	2017	""
A otra Comunidad Autónoma	Gasto medio diario por persona	Distribución porcentual	2016	""
A otra Comunidad Autónoma	Gasto medio diario por persona	Distribución porcentual	2015	""
A otra Comunidad Autónoma	Gasto medio diario por persona	Variación anual	2023	2,64
A otra Comunidad Autónoma	Gasto medio diario por persona	Variación anual	2022	18,05
A otra Comunidad Autónoma	Gasto medio diario por persona	Variación anual	2021	26,41
A otra Comunidad Autónoma	Gasto medio diario por persona	Variación anual	2020	-21,15
A otra Comunidad Autónoma	Gasto medio diario por persona	Variación anual	2019	2,55
A otra Comunidad Autónoma	Gasto medio diario por persona	Variación anual	2018	5,32
A otra Comunidad Autónoma	Gasto medio diario por persona	Variación anual	2017	3,62
A otra Comunidad Autónoma	Gasto medio diario por persona	Variación anual	2016	4,37
A otra Comunidad Autónoma	Gasto medio diario por persona	Variación anual	2015	""
